timestamp,step_count,eef_pos_x,eef_pos_y,eef_pos_z,eef_quat_x,eef_quat_y,eef_quat_z,eef_quat_w,action_x,action_y,action_z,action_quat_x,action_quat_y,action_quat_z,action_quat_w,action_gripper
2025-07-02 16:54:52.036,0,0.4639374315738678,-0.0034808677155524492,0.25968071818351746,0.9997463226318359,0.009921959601342678,0.007455993443727493,0.018666477873921394,0.5176962614059448,-0.07567323744297028,0.3261987566947937,0.9998976588249207,-0.0015068902866914868,-0.00010034048318630084,0.010585688054561615,0.9999502301216125
2025-07-02 16:54:52.065,1,0.4640001654624939,-0.003529555629938841,0.2597940266132355,0.9997475743293762,0.009853089228272438,0.00746728852391243,0.01863175816833973,0.4925595223903656,-0.07670105248689651,0.3141080439090729,0.9997178316116333,-0.00580791337415576,0.006782494485378265,0.015169896185398102,0.9999739527702332
2025-07-02 16:54:52.114,2,0.4650728106498718,-0.005156568717211485,0.26128771901130676,0.9997467994689941,0.008224798366427422,0.009115826338529587,0.018728218972682953,0.5065975785255432,-0.064106285572052,0.33398598432540894,0.9995905756950378,-0.00012278265785425901,0.010770384222269058,0.01793048344552517,1.0000616312026978
2025-07-02 16:54:52.165,3,0.4669630527496338,-0.009458940476179123,0.2643672227859497,0.9997349381446838,0.003953321371227503,0.01217613834887743,0.019008517265319824,0.4861094653606415,-0.085639089345932,0.3318955600261688,0.9997113347053528,0.003693052101880312,0.011818192899227142,0.017596129328012466,1.0001235008239746
2025-07-02 16:54:52.215,4,0.4693770408630371,-0.015300157479941845,0.26887598633766174,0.9996980428695679,-0.0019765887409448624,0.015412535518407822,0.01890818402171135,0.4859832227230072,-0.10554496943950653,0.3410206139087677,0.9994294047355652,0.004821076523512602,0.0086893942207098,0.01815437339246273,1.0000332593917847
2025-07-02 16:54:52.264,5,0.4717203676700592,-0.02267555706202984,0.2742558419704437,0.9996216893196106,-0.007531662471592426,0.018280602991580963,0.018994316458702087,0.48444515466690063,-0.11397477984428406,0.3478225767612457,0.9995651245117188,0.004442896228283644,0.010666469112038612,0.018290657550096512,0.9998100996017456
2025-07-02 16:54:52.315,6,0.4737992584705353,-0.0313979908823967,0.2806396484375,0.999527096748352,-0.011767803691327572,0.020749947056174278,0.019278762862086296,0.48436158895492554,-0.11922456324100494,0.3573691248893738,0.9996060132980347,0.0038036429323256016,0.01181222964078188,0.018549006432294846,1.0000371932983398
2025-07-02 16:54:52.364,7,0.4755268096923828,-0.0409616157412529,0.28754016757011414,0.9994614124298096,-0.013479831628501415,0.022992104291915894,0.019017737358808517,0.48317936062812805,-0.12299753725528717,0.36541977524757385,0.9995681047439575,0.0032569339964538813,0.013365291059017181,0.019271649420261383,1.0001418590545654
2025-07-02 16:54:52.415,8,0.47706881165504456,-0.05087583139538765,0.29496172070503235,0.9994400143623352,-0.011861845850944519,0.0252397358417511,0.01835872046649456,0.4829840362071991,-0.12963323295116425,0.3740379810333252,0.9997714161872864,0.003037023590877652,0.013442770577967167,0.020275793969631195,0.9998771548271179
2025-07-02 16:54:52.465,9,0.4782969653606415,-0.06086074188351631,0.30245986580848694,0.9994349479675293,-0.008815975859761238,0.027302080765366554,0.01737392134964466,0.48230454325675964,-0.1389256715774536,0.38190004229545593,0.9994813203811646,0.003000784432515502,0.013423115015029907,0.02091609127819538,1.0000360012054443
2025-07-02 16:54:52.515,10,0.4794117510318756,-0.07053553313016891,0.3104979395866394,0.9994232654571533,-0.005908905528485775,0.02920941449701786,0.01613076776266098,0.5514174699783325,-0.13484203815460205,0.41378504037857056,0.9996832609176636,0.0034505955409258604,0.0025100477505475283,0.026256173849105835,0.9999940991401672
2025-07-02 16:54:52.565,11,0.48079487681388855,-0.07995070517063141,0.3189142048358917,0.999350368976593,-0.004287966061383486,0.0323357917368412,0.015168060548603535,0.5175012946128845,-0.15436063706874847,0.39695194363594055,0.9995743632316589,-0.0008970127673819661,0.015831992030143738,0.01740145869553089,0.9999240636825562
2025-07-02 16:54:52.614,12,0.4830527603626251,-0.08852677047252655,0.32819658517837524,0.9992285370826721,-0.003896838054060936,0.03633696585893631,0.014211012050509453,0.5115735530853271,-0.16807492077350616,0.4063786566257477,0.9996669888496399,0.005999832414090633,0.014399725012481213,0.019648179411888123,1.0002825260162354
2025-07-02 16:54:52.664,13,0.48543140292167664,-0.09676512330770493,0.33768466114997864,0.9990818500518799,-0.004682276397943497,0.04027928411960602,0.013647271320223808,0.5023505091667175,-0.1808033585548401,0.41401243209838867,0.9996629953384399,0.0062321871519088745,0.012974683195352554,0.02018510177731514,0.9999915957450867
2025-07-02 16:54:52.714,14,0.48755311965942383,-0.10523024201393127,0.3468968868255615,0.998916506767273,-0.005856182426214218,0.04397701844573021,0.013881304301321507,0.5046963095664978,-0.18544679880142212,0.4150833487510681,0.9997883439064026,0.005270651541650295,0.011409694328904152,0.020098824054002762,1.000019907951355
2025-07-02 16:54:52.764,15,0.4893767237663269,-0.11401046067476273,0.3557199537754059,0.998756468296051,-0.0061404467560350895,0.04709458723664284,0.015003220178186893,0.5044212937355042,-0.18824146687984467,0.419674277305603,0.9998763799667358,0.005636435002088547,0.011661665514111519,0.020795784890651703,0.9999719262123108
2025-07-02 16:54:52.814,16,0.4908987879753113,-0.12285900861024857,0.36387044191360474,0.998617947101593,-0.005616255570203066,0.049464862793684006,0.01670587994158268,0.5061042904853821,-0.19142359495162964,0.4219322204589844,0.9997351169586182,0.004973011091351509,0.011272490955889225,0.020731545984745026,0.9999266266822815
2025-07-02 16:54:52.866,17,0.4922129511833191,-0.1312669813632965,0.3713536262512207,0.9985058307647705,-0.005432025995105505,0.05134930461645126,0.01774895377457142,0.5087424516677856,-0.19551493227481842,0.42384999990463257,0.9996318221092224,0.004670827183872461,0.010480883531272411,0.02043062448501587,1.0000890493392944
2025-07-02 16:54:52.914,18,0.4933728575706482,-0.13942447304725647,0.3784094452857971,0.9983997941017151,-0.005426478572189808,0.05299627408385277,0.018842605873942375,0.5102503895759583,-0.2003927081823349,0.425374299287796,0.9995067715644836,0.005040416959673166,0.009566658176481724,0.020787831395864487,1.0000278949737549
2025-07-02 16:54:52.964,19,0.49464163184165955,-0.1470847874879837,0.38480377197265625,0.9983017444610596,-0.0051696160808205605,0.05434797704219818,0.020208943635225296,0.5101189017295837,-0.20297522842884064,0.42557492852211,0.9997383952140808,0.005785766523331404,0.007925004698336124,0.020426511764526367,1.0001130104064941
2025-07-02 16:54:53.014,20,0.4959450960159302,-0.15419413149356842,0.3904018998146057,0.9982052445411682,-0.005258943419903517,0.05580214411020279,0.020973853766918182,0.5239452719688416,-0.20084503293037415,0.42289993166923523,0.9997737407684326,0.01401092205196619,0.01115395687520504,0.02250758185982704,0.9998882412910461
2025-07-02 16:54:53.065,21,0.49719172716140747,-0.16068026423454285,0.3953365683555603,0.9981570243835449,-0.0049067349173128605,0.05656212940812111,0.021316304802894592,0.5260299444198608,-0.19900941848754883,0.42947256565093994,0.9996777176856995,0.00477293785661459,0.013164898380637169,0.019835487008094788,0.9999358057975769
2025-07-02 16:54:53.115,22,0.4988024830818176,-0.1666107177734375,0.39968031644821167,0.9980960488319397,-0.0036705373786389828,0.05748899653553963,0.02193288691341877,0.5280742645263672,-0.2157435268163681,0.43460991978645325,0.9996805787086487,0.00527573237195611,0.011784850619733334,0.021021148189902306,1.0001329183578491
2025-07-02 16:54:53.163,23,0.5008246302604675,-0.17185208201408386,0.4035264551639557,0.998020350933075,-0.0025723399594426155,0.058545175939798355,0.022725310176610947,0.5240160226821899,-0.2144053727388382,0.4330613613128662,0.9996047019958496,0.004967440851032734,0.011366590857505798,0.021005971357226372,1.0000255107879639
2025-07-02 16:54:53.215,24,0.5030167102813721,-0.17676550149917603,0.40694618225097656,0.9979469776153564,-0.002271410310640931,0.05946595221757889,0.023573394864797592,0.5238044857978821,-0.2102198749780655,0.4325923025608063,0.9998655915260315,0.005567578598856926,0.00998622551560402,0.021369915455579758,0.9998706579208374
2025-07-02 16:54:53.265,25,0.505061149597168,-0.18145112693309784,0.4101355969905853,0.9978989362716675,-0.0031660515815019608,0.05986636132001877,0.024471450597047806,0.5234093070030212,-0.20695044100284576,0.4311627447605133,0.9997636079788208,0.006834410130977631,0.007683134637773037,0.020846176892518997,1.00011146068573
2025-07-02 16:54:53.315,26,0.5070680975914001,-0.1856425702571869,0.4129100739955902,0.9978847503662109,-0.0038508244324475527,0.059724222868680954,0.02528609149158001,0.5230223536491394,-0.20574741065502167,0.43088820576667786,0.9997043609619141,0.007860727608203888,0.005614934489130974,0.020576002076268196,1.000138282775879
2025-07-02 16:54:53.364,27,0.5090053677558899,-0.1890067607164383,0.4152407646179199,0.9979172945022583,-0.004425340332090855,0.05918418988585472,0.02517656795680523,0.5223045349121094,-0.205260768532753,0.4299543499946594,0.9998354315757751,0.008189859800040722,0.0041695209220051765,0.020119458436965942,1.00010085105896
2025-07-02 16:54:53.414,28,0.5107969641685486,-0.19175124168395996,0.4172762334346771,0.9979623556137085,-0.004533940926194191,0.05863993614912033,0.02463964931666851,0.522534966468811,-0.2050003558397293,0.4294820725917816,0.999874472618103,0.008485857397317886,0.003243244020268321,0.0200725756585598,0.9998457431793213
2025-07-02 16:54:53.463,29,0.51230788230896,-0.19397950172424316,0.4187449812889099,0.998028576374054,-0.003945967182517052,0.05770663172006607,0.024260176345705986,0.5221227407455444,-0.20398440957069397,0.42908093333244324,0.999767005443573,0.008938046172261238,0.0024914159439504147,0.019896065816283226,1.0001182556152344
2025-07-02 16:54:53.514,30,0.5136994123458862,-0.19578315317630768,0.4201142191886902,0.998088002204895,-0.0031139645725488663,0.05678911507129669,0.024099405854940414,0.5286957025527954,-0.20982307195663452,0.4277988076210022,0.9996578693389893,0.012106500566005707,0.010859504342079163,0.021872347220778465,1.0000181198120117
2025-07-02 16:54:53.565,31,0.5148069262504578,-0.19721199572086334,0.42102617025375366,0.9981682300567627,-0.002339946571737528,0.05534758418798447,0.024218052625656128,0.5290709733963013,-0.19990432262420654,0.4292372763156891,0.9997081160545349,0.006063677370548248,0.008889541029930115,0.0198822058737278,0.9999292492866516
2025-07-02 16:54:53.616,32,0.5160183906555176,-0.19836996495723724,0.4217415750026703,0.9982211589813232,-0.001730801071971655,0.05436035245656967,0.02432345598936081,0.5315489768981934,-0.20579607784748077,0.4298233389854431,0.9999783635139465,0.007061149459332228,0.006246482487767935,0.020562609657645226,1.000097632408142
2025-07-02 16:54:53.665,33,0.5171946287155151,-0.1991397738456726,0.42243069410324097,0.9982540011405945,-0.0013124308316037059,0.05387353152036667,0.024083314463496208,0.5290120244026184,-0.2075204998254776,0.4300015866756439,0.999794065952301,0.008031290955841541,0.004340115003287792,0.02033763751387596,0.9999686479568481
2025-07-02 16:54:53.715,34,0.5183205008506775,-0.1998003125190735,0.42292457818984985,0.9982761740684509,-0.0010414225980639458,0.053642284125089645,0.023691363632678986,0.5269217491149902,-0.20554398000240326,0.4290584921836853,0.99993896484375,0.00896648783236742,0.002166912890970707,0.020232167094945908,0.9999479055404663
2025-07-02 16:54:53.766,35,0.5193496942520142,-0.20041678845882416,0.42314183712005615,0.9982883930206299,-0.0008956118836067617,0.05359633266925812,0.023281877860426903,0.5266614556312561,-0.2040848284959793,0.42748913168907166,0.9998772144317627,0.009259629063308239,0.0010230194311589003,0.020087450742721558,0.9999392628669739
2025-07-02 16:54:53.817,36,0.5200487375259399,-0.20082195103168488,0.42331168055534363,0.9982954859733582,-0.0007746347691863775,0.05357678607106209,0.02302653156220913,0.5266127586364746,-0.20408979058265686,0.42659422755241394,0.999813973903656,0.009318738244473934,1.3383119949139655e-05,0.01986357569694519,0.9999489784240723
2025-07-02 16:54:53.864,37,0.5205718278884888,-0.2010900378227234,0.42344367504119873,0.998306930065155,-0.0007125214906409383,0.053503796458244324,0.022700635716319084,0.5264486074447632,-0.20379266142845154,0.42566603422164917,0.999778687953949,0.009562583640217781,-0.0012659744825214148,0.01980801299214363,1.000001311302185
2025-07-02 16:54:53.914,38,0.5209453701972961,-0.20127147436141968,0.4234541058540344,0.998320996761322,-0.0006574406288564205,0.05336718261241913,0.022403040900826454,0.5259072780609131,-0.20328481495380402,0.4247165322303772,0.999916672706604,0.009795590303838253,-0.0020060199312865734,0.019533170387148857,1.0000544786453247
2025-07-02 16:54:53.964,39,0.5212167501449585,-0.2013973593711853,0.4232841730117798,0.9983403086662292,-0.0006159885670058429,0.05314255505800247,0.022075898945331573,0.5257015824317932,-0.2025361806154251,0.42378973960876465,0.9998873472213745,0.010215717367827892,-0.0032139781396836042,0.019276877865195274,0.9998965859413147
2025-07-02 16:54:54.015,40,0.5213841199874878,-0.201466366648674,0.42302191257476807,0.9983652830123901,-0.0005797343328595161,0.0528118871152401,0.02173815667629242,0.535109281539917,-0.21167223155498505,0.4279249608516693,0.9997254014015198,0.011337215080857277,0.008235449902713299,0.021607179194688797,1.000058889389038
2025-07-02 16:54:54.063,41,0.5215676426887512,-0.20154429972171783,0.4227639138698578,0.9983861446380615,-0.0005367342382669449,0.05254080891609192,0.021435003727674484,0.5290275812149048,-0.2014286369085312,0.4281209707260132,0.9998714923858643,0.007144411560148001,0.006379036698490381,0.019812051206827164,0.999852180480957
2025-07-02 16:54:54.115,42,0.5218583345413208,-0.20172159373760223,0.4226519763469696,0.9983899593353271,-0.0004930065479129553,0.052520185708999634,0.021308107301592827,0.5315061807632446,-0.2039409577846527,0.42655864357948303,0.9996485114097595,0.007928283885121346,0.0027514747343957424,0.02033422887325287,0.9998462200164795
2025-07-02 16:54:54.164,43,0.5221506953239441,-0.20182384550571442,0.4226060211658478,0.9983930587768555,-0.00045298744225874543,0.05253761634230614,0.02112104557454586,0.5292179584503174,-0.20651331543922424,0.42818447947502136,0.9996748566627502,0.008581675589084625,0.002413262380287051,0.020079415291547775,1.000014305114746
2025-07-02 16:54:54.213,44,0.522456169128418,-0.20189672708511353,0.42265698313713074,0.9983921051025391,-0.00038407108513638377,0.052612148225307465,0.020980317145586014,0.528154194355011,-0.20493018627166748,0.4275337755680084,0.9996493458747864,0.009403835982084274,0.0007232044590637088,0.02010461688041687,0.9999003410339355
2025-07-02 16:54:54.263,45,0.5227196216583252,-0.20198671519756317,0.4227968454360962,0.9983925819396973,-0.0003443343157414347,0.05265912413597107,0.02084030956029892,0.5278324484825134,-0.20330572128295898,0.4261952042579651,0.99956876039505,0.009679091162979603,-0.0007617701776325703,0.019999267533421516,1.0001083612442017
2025-07-02 16:54:54.314,46,0.5228924751281738,-0.20205990970134735,0.42291927337646484,0.9983985424041748,-0.00033221126068383455,0.0526077039539814,0.020685754716396332,0.5277042388916016,-0.20353057980537415,0.42525866627693176,0.9996547698974609,0.009679077193140984,-0.001626924378797412,0.019770639017224312,1.0000689029693604
2025-07-02 16:54:54.364,47,0.5230172872543335,-0.20207640528678894,0.42299652099609375,0.9984116554260254,-0.00029038588399998844,0.052435483783483505,0.020489009097218513,0.5273259878158569,-0.20310860872268677,0.424165278673172,0.9995839595794678,0.00995771773159504,-0.0029285112395882607,0.019619641825556755,1.000024676322937
2025-07-02 16:54:54.416,48,0.5230756402015686,-0.20203889906406403,0.4229415953159332,0.9984339475631714,-0.00022651150356978178,0.05210889130830765,0.02023351565003395,0.526361882686615,-0.20263421535491943,0.42308878898620605,0.9998297095298767,0.010330169461667538,-0.003947448916733265,0.019289227202534676,1.0000102519989014
2025-07-02 16:54:54.466,49,0.5230671763420105,-0.2019684910774231,0.4227382242679596,0.9984622001647949,-0.00015803013229742646,0.05167600139975548,0.019949696958065033,0.5259930491447449,-0.20201237499713898,0.4220825433731079,0.9997499585151672,0.010574518702924252,-0.005248399451375008,0.019043391570448875,0.9999280571937561
2025-07-02 16:54:54.514,50,0.5230241417884827,-0.2018711417913437,0.4224470853805542,0.9984915852546692,-8.316197636304423e-05,0.05121307447552681,0.019670452922582626,0.5371279716491699,-0.21168707311153412,0.4270920753479004,0.9998348951339722,0.010908931493759155,0.0074870097450912,0.021598968654870987,1.000009298324585
2025-07-02 16:54:54.565,51,0.5230648517608643,-0.2018129825592041,0.42210954427719116,0.9985157251358032,-4.920251740259118e-06,0.050845444202423096,0.019396867603063583,0.5285235047340393,-0.20224638283252716,0.42741504311561584,0.9997590184211731,0.007337980438023806,0.005466111935675144,0.01971244253218174,0.9999246001243591
2025-07-02 16:54:54.613,52,0.5232717394828796,-0.20192207396030426,0.4218890964984894,0.9985249042510986,1.4011257007950917e-06,0.05074947699904442,0.019175861030817032,0.5309941172599792,-0.20407211780548096,0.42522209882736206,0.9998745918273926,0.007878038100898266,0.0014101341366767883,0.02038322575390339,1.0001121759414673
2025-07-02 16:54:54.664,53,0.5235188603401184,-0.20204931497573853,0.42167073488235474,0.9985338449478149,2.058635118373786e-06,0.05066845938563347,0.018922599032521248,0.5286487340927124,-0.2061944305896759,0.4270651340484619,0.9998049736022949,0.008816701360046864,0.0013561190571635962,0.020008375868201256,1.0000064373016357
2025-07-02 16:54:54.714,54,0.5237592458724976,-0.20215120911598206,0.4214925765991211,0.9985407590866089,1.7407126506441273e-05,0.05061453580856323,0.018699681386351585,0.5277920961380005,-0.20418833196163177,0.4257896840572357,0.999682605266571,0.009569245390594006,-0.0007343957549892366,0.01980501599609852,1.0000518560409546
2025-07-02 16:54:54.763,55,0.5239577293395996,-0.20224881172180176,0.42137569189071655,0.9985474944114685,2.1630683477269486e-05,0.05055323615670204,0.018505994230508804,0.5278000831604004,-0.2030201405286789,0.4242842197418213,0.999889075756073,0.009985139593482018,-0.002557136584073305,0.019504211843013763,1.0000741481781006
2025-07-02 16:54:54.813,56,0.5240573287010193,-0.20230436325073242,0.42125624418258667,0.9985584020614624,2.3516768123954535e-05,0.05040459707379341,0.018322903662919998,0.5272890329360962,-0.20277266204357147,0.422905296087265,0.9998577237129211,0.009958882816135883,-0.0036307324189692736,0.019474659115076065,1.0000089406967163
2025-07-02 16:54:54.863,57,0.5240696668624878,-0.2023111879825592,0.4211227595806122,0.9985713362693787,2.8820284569519572e-05,0.05020447447896004,0.018165310844779015,0.5268073081970215,-0.20247113704681396,0.42183375358581543,0.9998525977134705,0.010226956568658352,-0.004936541430652142,0.01925436593592167,1.00007164478302
2025-07-02 16:54:54.915,58,0.524017333984375,-0.20224477350711823,0.42093610763549805,0.9985907077789307,6.965335342101753e-05,0.04988256096839905,0.01798512414097786,0.5263832807540894,-0.20200154185295105,0.4206673204898834,0.9996072053909302,0.010666199028491974,-0.005992690566927195,0.01883940026164055,0.9999985098838806
2025-07-02 16:54:54.963,59,0.5239375233650208,-0.20213687419891357,0.4207131564617157,0.9986158609390259,0.00013594460324384272,0.04945912957191467,0.0177588053047657,0.5256386995315552,-0.2013082057237625,0.4196232557296753,0.9996160268783569,0.011014784686267376,-0.007223912049084902,0.01866380125284195,1.000046968460083
2025-07-02 16:54:55.014,60,0.5238544344902039,-0.20199014246463776,0.42042264342308044,0.9986462593078613,0.00023757251619827002,0.048941150307655334,0.01747928000986576,0.5387133359909058,-0.2118973582983017,0.42524254322052,0.9998412728309631,0.010379243642091751,0.006606527138501406,0.021227188408374786,0.9999942779541016
2025-07-02 16:54:55.063,61,0.52383953332901,-0.20189277827739716,0.42009684443473816,0.998670756816864,0.0003202547086402774,0.048531461507081985,0.017218852415680885,0.5276609659194946,-0.20338769257068634,0.42625692486763,0.9997850060462952,0.007698520086705685,0.0042304834350943565,0.019331537187099457,1.0000927448272705
2025-07-02 16:54:55.114,62,0.5239023566246033,-0.20193693041801453,0.4198627471923828,0.9986810684204102,0.0003227065899409354,0.04837620258331299,0.017056461423635483,0.5301247239112854,-0.20433801412582397,0.4233628809452057,0.999904215335846,0.008159742690622807,-0.00033372908364981413,0.019867680966854095,1.0002182722091675
2025-07-02 16:54:55.163,63,0.5239812135696411,-0.20198659598827362,0.4197547733783722,0.9986851811408997,0.0003162124485243112,0.04832656681537628,0.01695803366601467,0.5278170704841614,-0.2062118500471115,0.42543941736221313,0.9998952746391296,0.008947971276938915,-0.00035857694456353784,0.01969747804105282,1.0001028776168823
2025-07-02 16:54:55.214,64,0.5240339636802673,-0.202017143368721,0.41969794034957886,0.9986872673034668,0.0003177530306857079,0.04830245301127434,0.016901619732379913,0.5270853042602539,-0.20415951311588287,0.42373040318489075,0.999949038028717,0.009701987728476524,-0.0027506568003445864,0.019652601331472397,1.0000078678131104
2025-07-02 16:54:55.263,65,0.5240790247917175,-0.20204797387123108,0.4196966290473938,0.9986870288848877,0.00031221669632941484,0.048315033316612244,0.0168798565864563,0.5269774198532104,-0.2027270346879959,0.4220755696296692,0.9995933771133423,0.01010182686150074,-0.004778420086950064,0.019420018419623375,0.999994695186615
2025-07-02 16:54:55.313,66,0.5240787863731384,-0.20205020904541016,0.41968870162963867,0.9986890554428101,0.0003218851052224636,0.048277221620082855,0.01686822436749935,0.526736855506897,-0.20243370532989502,0.4204557538032532,0.9997420907020569,0.010222313925623894,-0.0061655244790017605,0.019170105457305908,0.9999740719795227
2025-07-02 16:54:55.363,67,0.5240264534950256,-0.20203424990177155,0.4196312427520752,0.9986980557441711,0.0003257246280554682,0.04811502993106842,0.016800768673419952,0.5263581275939941,-0.202246755361557,0.41934531927108765,0.999789834022522,0.010714765638113022,-0.007413082756102085,0.018828259781003,1.0001347064971924
2025-07-02 16:54:55.413,68,0.5239457488059998,-0.20198893547058105,0.41948309540748596,0.9987155795097351,0.00033764386898837984,0.04780540242791176,0.01664098910987377,0.5258382558822632,-0.2015884816646576,0.41806939244270325,0.9996626973152161,0.011006953194737434,-0.008577383123338223,0.018647385761141777,1.000086784362793
2025-07-02 16:54:55.464,69,0.5238484144210815,-0.20192959904670715,0.41923171281814575,0.9987406134605408,0.0003606677637435496,0.04736275225877762,0.016400329768657684,0.5249513387680054,-0.20117269456386566,0.4166983664035797,0.9996287822723389,0.011408575810492039,-0.010028866119682789,0.01833733357489109,0.9999377131462097
2025-07-02 16:54:55.518,70,0.5237281322479248,-0.2018168717622757,0.41887807846069336,0.998775064945221,0.000421582575654611,0.04674821346998215,0.0160632636398077,0.5387468338012695,-0.21168756484985352,0.4232734441757202,0.9998123049736023,0.010191135108470917,0.004774782340973616,0.020932942628860474,1.0000300407409668
2025-07-02 16:54:55.563,71,0.5236539244651794,-0.20170491933822632,0.4185197651386261,0.9988054633140564,0.0005024975980632007,0.04620138555765152,0.015749819576740265,0.5266708135604858,-0.20386861264705658,0.42457306385040283,0.9999150633811951,0.00798722542822361,0.00300191855058074,0.019283687695860863,1.0001280307769775
2025-07-02 16:54:55.613,72,0.523659348487854,-0.20179148018360138,0.41827067732810974,0.998816728591919,0.00059376226272434,0.045939262956380844,0.015798017382621765,0.5290039777755737,-0.20489855110645294,0.42062515020370483,0.9998098015785217,0.008208371698856354,-0.0021982069592922926,0.01988164521753788,1.0000641345977783
2025-07-02 16:54:55.663,73,0.5236639380455017,-0.20183798670768738,0.41813924908638,0.9988226294517517,0.000631572213023901,0.045804139226675034,0.015814179554581642,0.5268995761871338,-0.20613916218280792,0.42337843775749207,0.9997791647911072,0.009291873313486576,-0.0025332048535346985,0.019556013867259026,0.9999735355377197
2025-07-02 16:54:55.717,74,0.5236452221870422,-0.2019047737121582,0.41809913516044617,0.9988248348236084,0.0007030575070530176,0.045702263712882996,0.01596851460635662,0.5259111523628235,-0.20369915664196014,0.42115265130996704,0.9997618794441223,0.010054714977741241,-0.005470510572195053,0.019549131393432617,1.0000237226486206
2025-07-02 16:54:55.766,75,0.5236132144927979,-0.20197758078575134,0.41808828711509705,0.9988260865211487,0.0007746078190393746,0.04560708627104759,0.01615666225552559,0.525875985622406,-0.20223864912986755,0.4188046455383301,0.9996694922447205,0.010551070794463158,-0.007754284422844648,0.019440555945038795,0.9998753666877747
2025-07-02 16:54:55.814,76,0.5235567092895508,-0.20202970504760742,0.4180698096752167,0.9988307356834412,0.0008629324729554355,0.04544205591082573,0.016329489648342133,0.5257697701454163,-0.2019800841808319,0.41692915558815,0.9998518228530884,0.010728178545832634,-0.00933952908962965,0.019023746252059937,0.9999338984489441
2025-07-02 16:54:55.863,77,0.5234562158584595,-0.2020328938961029,0.41797101497650146,0.9988446831703186,0.0009123299387283623,0.04513530805706978,0.016324253752827644,0.5253446102142334,-0.2019016146659851,0.4157053232192993,0.9996553659439087,0.011411590501666069,-0.01062621921300888,0.01849796064198017,0.9998947381973267
2025-07-02 16:54:55.915,78,0.5233181118965149,-0.20198236405849457,0.4177421033382416,0.9988703727722168,0.0009837206453084946,0.04461439698934555,0.016178958117961884,0.5245190262794495,-0.20116475224494934,0.41411247849464417,0.9997270703315735,0.011403809301555157,-0.012185364961624146,0.01840899884700775,1.000118374824524
2025-07-02 16:54:55.964,79,0.5231616497039795,-0.2018735706806183,0.4173693060874939,0.9989069700241089,0.0011025512358173728,0.043882038444280624,0.015911510214209557,0.5237720012664795,-0.20074012875556946,0.41263869404792786,0.9995681047439575,0.011921987868845463,-0.013633818365633488,0.018117744475603104,1.000072717666626
2025-07-02 16:54:56.013,80,0.5229809880256653,-0.20174016058444977,0.41685134172439575,0.9989533424377441,0.0012732211034744978,0.04293424263596535,0.015569016337394714,0.5372830033302307,-0.21117259562015533,0.4193266034126282,0.999843418598175,0.011032857932150364,0.0014380721841007471,0.02092755399644375,0.9998069405555725
2025-07-02 16:54:56.063,81,0.5229185223579407,-0.2016768604516983,0.4162394106388092,0.9989924430847168,0.0014848089776933193,0.04210274666547775,0.015311450697481632,0.5246767997741699,-0.20411327481269836,0.4203551113605499,0.9996350407600403,0.00830140057951212,-0.00025820493465289474,0.01881568133831024,1.0001776218414307
2025-07-02 16:54:56.115,82,0.5229797959327698,-0.20179735124111176,0.41566231846809387,0.9990153908729553,0.0016209136229008436,0.041590120643377304,0.015200728550553322,0.5265218019485474,-0.2045551985502243,0.4154589772224426,0.9998125433921814,0.00919466931372881,-0.006505330093204975,0.019654005765914917,1.0000581741333008
2025-07-02 16:54:56.163,83,0.5230565071105957,-0.20196136832237244,0.41521134972572327,0.9990329742431641,0.0016955488827079535,0.041197799146175385,0.015104754827916622,0.5246304869651794,-0.20568561553955078,0.41807547211647034,0.9996309280395508,0.009895342402160168,-0.006842367816716433,0.01923205330967903,1.0000098943710327
2025-07-02 16:54:56.214,84,0.5230826735496521,-0.20212271809577942,0.41477715969085693,0.9990507364273071,0.001822693389840424,0.04074988141655922,0.015129891224205494,0.5236482620239258,-0.20327575504779816,0.415213406085968,0.9994897842407227,0.01064891368150711,-0.010580800473690033,0.019229087978601456,1.0000004768371582
2025-07-02 16:54:56.265,85,0.523042619228363,-0.20230449736118317,0.41441023349761963,0.9990679621696472,0.001980836968868971,0.040255386382341385,0.015297210775315762,0.5233902931213379,-0.20152486860752106,0.4120453894138336,0.9995986223220825,0.011178065091371536,-0.013577555306255817,0.019105708226561546,0.999884843826294
2025-07-02 16:54:56.318,86,0.5229160189628601,-0.20245079696178436,0.41404157876968384,0.9990915060043335,0.002195517998188734,0.039575666189193726,0.015502898022532463,0.522914469242096,-0.2009918987751007,0.4094156324863434,0.999491274356842,0.011666560545563698,-0.015555259771645069,0.018636241555213928,1.000085711479187
2025-07-02 16:54:56.363,87,0.5227392315864563,-0.20248371362686157,0.4136221408843994,0.9991235136985779,0.0024412309285253286,0.03872053325176239,0.01556078065186739,0.5225251317024231,-0.20110084116458893,0.40757477283477783,0.9996953010559082,0.012185325846076012,-0.017252666875720024,0.018317675217986107,0.9999905228614807
2025-07-02 16:54:56.416,88,0.5224977731704712,-0.20239153504371643,0.41307780146598816,0.9991685152053833,0.002741970820352435,0.037576913833618164,0.015426618047058582,0.5216978788375854,-0.20031720399856567,0.40542876720428467,0.9996297955513,0.0127260135486722,-0.01918509416282177,0.018219778314232826,0.9999282956123352
2025-07-02 16:54:56.463,89,0.5222220420837402,-0.2022109478712082,0.4123932421207428,0.9992232322692871,0.003028718987479806,0.03622652217745781,0.015052550472319126,0.5208799242973328,-0.19999262690544128,0.4030722677707672,0.9995915293693542,0.013225072994828224,-0.02088952250778675,0.01789156161248684,0.9998511075973511
2025-07-02 16:54:56.513,90,0.5219131708145142,-0.20197728276252747,0.4115683138370514,0.9992855787277222,0.0032891922164708376,0.03469042107462883,0.014464974403381348,0.521108865737915,-0.2208711951971054,0.4226912558078766,0.9996019005775452,0.006050164345651865,-0.012630355544388294,0.018770985305309296,0.9999639987945557
2025-07-02 16:54:56.564,91,0.5216115117073059,-0.20194154977798462,0.41075965762138367,0.9993391633033752,0.0034696224611252546,0.03327406570315361,0.014043398201465607,0.518965482711792,-0.20462805032730103,0.40825870633125305,0.9997618198394775,0.010303608141839504,-0.009975538589060307,0.018391849473118782,1.0000057220458984
2025-07-02 16:54:56.613,92,0.5212910771369934,-0.20229056477546692,0.41029152274131775,0.9993698596954346,0.0034618389327079058,0.03230830281972885,0.014115726575255394,0.5201129913330078,-0.20441220700740814,0.40212953090667725,0.9995924830436707,0.01050238125026226,-0.01693641021847725,0.019014285877346992,0.9998347759246826
2025-07-02 16:54:56.663,93,0.5209125876426697,-0.20258404314517975,0.40990975499153137,0.9994017481803894,0.003281795419752598,0.031401000916957855,0.013946052640676498,0.5192281007766724,-0.2044031322002411,0.4048774242401123,0.9996148943901062,0.011435486376285553,-0.018450671806931496,0.01870906911790371,1.0000121593475342
2025-07-02 16:54:56.714,94,0.52058345079422,-0.20273856818675995,0.4093678891658783,0.9994381666183472,0.0032681210432201624,0.030332444235682487,0.013703584671020508,0.5176003575325012,-0.20214489102363586,0.4016861915588379,0.9996172189712524,0.012334955856204033,-0.021868430078029633,0.018828408792614937,0.9999239444732666
2025-07-02 16:54:56.763,95,0.5203178524971008,-0.20281226933002472,0.40866202116012573,0.9994773864746094,0.003344387048855424,0.02916201949119568,0.013361440040171146,0.5174417495727539,-0.2011166512966156,0.3978028893470764,0.999316394329071,0.013163086958229542,-0.025169681757688522,0.018590305000543594,1.000126600265503
2025-07-02 16:54:56.814,96,0.5200342535972595,-0.2028064876794815,0.40776172280311584,0.9995244741439819,0.0034222507383674383,0.027769990265369415,0.012773704715073109,0.5169696807861328,-0.20078027248382568,0.39409539103507996,0.999465823173523,0.013712316751480103,-0.02666163630783558,0.018105119466781616,0.9998726844787598
2025-07-02 16:54:56.866,97,0.5197598338127136,-0.20275990664958954,0.406613826751709,0.999577522277832,0.0034905807115137577,0.026179678738117218,0.011932235211133957,0.5163153409957886,-0.20104898512363434,0.39140158891677856,0.999350368976593,0.014441202394664288,-0.028484279289841652,0.017938565462827682,1.0000250339508057
2025-07-02 16:54:56.913,98,0.5194727778434753,-0.20266583561897278,0.4051893353462219,0.9996371865272522,0.0035792007111012936,0.0242929644882679,0.010849682614207268,0.5148364305496216,-0.20042169094085693,0.3880845904350281,0.999176561832428,0.014973428100347519,-0.030424820259213448,0.017727898433804512,0.9999110102653503
2025-07-02 16:54:56.963,99,0.5191381573677063,-0.2025434672832489,0.40357568860054016,0.9996973276138306,0.003674400271847844,0.022221574559807777,0.009652435779571533,0.5136203765869141,-0.20023755729198456,0.38443052768707275,0.9992771148681641,0.015191074460744858,-0.032093536108732224,0.017650363966822624,0.9999805688858032
2025-07-02 16:54:57.014,100,0.5187106132507324,-0.2023935317993164,0.4017731845378876,0.9997540712356567,0.003823834704235196,0.02000068500638008,0.008507085964083672,0.5251834988594055,-0.20784780383110046,0.38732826709747314,0.9996374249458313,0.012877728790044785,-0.024252086877822876,0.020139871165156364,1.0001860857009888
2025-07-02 16:54:57.063,101,0.5183224678039551,-0.20226052403450012,0.39986857771873474,0.9997987151145935,0.003978473600000143,0.018037224188447,0.007521758321672678,0.5085143446922302,-0.20399482548236847,0.38463354110717773,0.9993786215782166,0.01358774770051241,-0.02744162455201149,0.017371533438563347,0.9997599720954895
2025-07-02 16:54:57.113,102,0.5180498957633972,-0.20229363441467285,0.39797917008399963,0.9998335838317871,0.004085176158696413,0.016328904777765274,0.006680150516331196,0.5097830295562744,-0.20540951192378998,0.37582430243492126,0.9993879199028015,0.01226208359003067,-0.03140397369861603,0.01837919093668461,0.9997992515563965
2025-07-02 16:54:57.165,103,0.517725944519043,-0.2023954689502716,0.3960404098033905,0.9998697638511658,0.004187237937003374,0.01432425994426012,0.0057409838773310184,0.5095358490943909,-0.2048068642616272,0.37893760204315186,0.9992156624794006,0.013536697253584862,-0.0329282283782959,0.01818891055881977,1.0000743865966797
2025-07-02 16:54:57.213,104,0.5173443555831909,-0.20255745947360992,0.39398548007011414,0.9999036192893982,0.0043275970965623856,0.012080565094947815,0.004827496595680714,0.5061711072921753,-0.2033013552427292,0.374272882938385,0.9991524815559387,0.014740764163434505,-0.03580833598971367,0.01788529008626938,1.000085711479187
2025-07-02 16:54:57.264,105,0.5168648362159729,-0.2027616649866104,0.3919042944908142,0.9999326467514038,0.004532746504992247,0.009639373980462551,0.004050951451063156,0.505643904209137,-0.2015531361103058,0.3683246374130249,0.9990243911743164,0.014908406883478165,-0.03786458447575569,0.01807037927210331,1.0000829696655273
2025-07-02 16:54:57.314,106,0.5162575840950012,-0.20290634036064148,0.38979417085647583,0.9999554753303528,0.004813767038285732,0.00705066230148077,0.0033771833404898643,0.5044299364089966,-0.20172907412052155,0.36281058192253113,0.9988536834716797,0.015324246138334274,-0.038579776883125305,0.01755240187048912,1.0001282691955566
2025-07-02 16:54:57.366,107,0.5155779719352722,-0.20301824808120728,0.38745594024658203,0.9999712109565735,0.005131287034600973,0.004360802937299013,0.002720748772844672,0.5027390122413635,-0.20234854519367218,0.3570386469364166,0.9988085627555847,0.01548695471137762,-0.038868699222803116,0.017458409070968628,1.00002920627594
2025-07-02 16:54:57.413,108,0.51483553647995,-0.20313628017902374,0.3847428560256958,0.9999793767929077,0.005471633281558752,0.0015230778371915221,0.0020335339941084385,0.5012831091880798,-0.20267269015312195,0.3506588339805603,0.9986811876296997,0.01546978298574686,-0.038837529718875885,0.0176475141197443,0.999910295009613
2025-07-02 16:54:57.463,109,0.5138974189758301,-0.20329418778419495,0.3816479742527008,0.999977171421051,0.00596786430105567,-0.001616606954485178,0.0016270694322884083,0.4993351101875305,-0.20332561433315277,0.3446410000324249,0.9988331198692322,0.015918906778097153,-0.03827717900276184,0.017532311379909515,0.9999988079071045
2025-07-02 16:54:57.514,110,0.5127410292625427,-0.20330269634723663,0.37830594182014465,0.9999639391899109,0.006436922587454319,-0.004976692609488964,0.0010644111316651106,0.5147802233695984,-0.19863754510879517,0.37901633977890015,0.9992061257362366,-0.010472784750163555,-0.04127338156104088,0.004539580550044775,0.9999412298202515
2025-07-02 16:54:57.563,111,0.5115726590156555,-0.20316378772258759,0.3750660717487335,0.9999430775642395,0.006675287615507841,-0.008023949339985847,0.00016467714158352464,0.508686363697052,-0.20371970534324646,0.3481312096118927,0.9989835619926453,0.01247311756014824,-0.03551386669278145,0.015179882757365704,1.00020170211792
2025-07-02 16:54:57.614,112,0.5108063220977783,-0.20297092199325562,0.372603178024292,0.999921977519989,0.006767536513507366,-0.010232099331915379,-0.0008565078023821115,0.5056058764457703,-0.20186731219291687,0.33769458532333374,0.999191164970398,0.0076759979128837585,-0.03463906794786453,0.015929589048027992,1.0000604391098022
2025-07-02 16:54:57.666,113,0.5101439952850342,-0.20281346142292023,0.37014564871788025,0.9998952150344849,0.006851278245449066,-0.01240499783307314,-0.0019726387690752745,0.5023032426834106,-0.2053355872631073,0.33740752935409546,0.9992178082466125,0.009184204041957855,-0.036278512328863144,0.012967989780008793,1.0000876188278198
2025-07-02 16:54:57.713,114,0.5096014142036438,-0.20273928344249725,0.3673550486564636,0.9998587369918823,0.006944308057427406,-0.014778327196836472,-0.0033293524757027626,0.49326157569885254,-0.20458324253559113,0.32626357674598694,0.9988856911659241,0.010538218542933464,-0.03478100523352623,0.013912380672991276,1.0000547170639038
2025-07-02 16:54:57.763,115,0.5090320110321045,-0.20275063812732697,0.3642444312572479,0.9998096823692322,0.00702616386115551,-0.017411746084690094,-0.004818371031433344,0.4917169213294983,-0.20211178064346313,0.3193763196468353,0.9990938901901245,0.011423480696976185,-0.033601704984903336,0.013470138423144817,0.9999603629112244
2025-07-02 16:54:57.813,116,0.5082197785377502,-0.20279529690742493,0.36066195368766785,0.9997435212135315,0.006987743079662323,-0.020413922145962715,-0.006521155592054129,0.4880141317844391,-0.20202557742595673,0.31383365392684937,0.9991977214813232,0.011109674349427223,-0.030792545527219772,0.012394686229526997,1.000001311302185
2025-07-02 16:54:57.867,117,0.5072245001792908,-0.20279553532600403,0.35655996203422546,0.9996573328971863,0.006910658907145262,-0.02370411343872547,-0.008408688008785248,0.4866641163825989,-0.20118644833564758,0.3045758008956909,0.9991093873977661,0.010725938715040684,-0.027715247124433517,0.011897150427103043,0.9999464750289917
2025-07-02 16:54:57.914,118,0.505946934223175,-0.202720046043396,0.3520529270172119,0.9995518922805786,0.006747832987457514,-0.027164814993739128,-0.010379989631474018,0.48591139912605286,-0.20197974145412445,0.2967817783355713,0.9992928504943848,0.010403216816484928,-0.024609291926026344,0.011648470535874367,1.0000333786010742
2025-07-02 16:54:57.964,119,0.5044113397598267,-0.20256346464157104,0.3472365140914917,0.9994330406188965,0.006462974939495325,-0.030566828325390816,-0.012357757426798344,0.4841808080673218,-0.2034531831741333,0.28904590010643005,0.9992493987083435,0.01122334972023964,-0.022205406799912453,0.012435355223715305,1.0000196695327759
2025-07-02 16:54:58.014,120,0.5028507709503174,-0.20240865647792816,0.3419732451438904,0.9993029832839966,0.006204942241311073,-0.0338568352162838,-0.014282982796430588,0.4994652271270752,-0.17587092518806458,0.34853044152259827,0.9993158578872681,-0.028257669880986214,-0.036378923803567886,-0.008067887276411057,0.9999254941940308
2025-07-02 16:54:58.064,121,0.5015336871147156,-0.2021915167570114,0.33683687448501587,0.9991834163665771,0.006004467606544495,-0.036534324288368225,-0.01602761074900627,0.49439966678619385,-0.19351625442504883,0.30562475323677063,0.9993150234222412,-0.01838485524058342,-0.020888911560177803,-0.0049284533597528934,1.0000321865081787
2025-07-02 16:54:58.115,122,0.5005829930305481,-0.20160804688930511,0.33333829045295715,0.9990969896316528,0.0056915851309895515,-0.0383947491645813,-0.017141202464699745,0.4824698567390442,-0.1835259646177292,0.30393627285957336,0.999222457408905,-0.008427397347986698,-0.018785076215863228,0.0017311639385297894,1.0001707077026367
2025-07-02 16:54:58.163,123,0.49946025013923645,-0.20072484016418457,0.33037930727005005,0.9990158677101135,0.004443777725100517,-0.04025694355368614,-0.017945999279618263,0.4801994562149048,-0.18381674587726593,0.29235953092575073,0.9995548725128174,-0.008871309459209442,-0.014228487387299538,0.0038176150992512703,1.0000102519989014
2025-07-02 16:54:58.213,124,0.4982021749019623,-0.1996018886566162,0.3275474011898041,0.9989166259765625,0.0035809511318802834,-0.04237014055252075,-0.0187812689691782,0.47619393467903137,-0.1853148490190506,0.2782103419303894,0.9996358752250671,-0.007768755778670311,-0.009919410571455956,0.005571266636252403,0.9999778270721436
2025-07-02 16:54:58.263,125,0.49680227041244507,-0.19830016791820526,0.32447925209999084,0.9988030791282654,0.003752398071810603,-0.044580940157175064,-0.019646834582090378,0.47349900007247925,-0.18777620792388916,0.2695830762386322,0.9997575879096985,-0.006247032433748245,-0.008048579096794128,0.0067119537852704525,0.999841570854187
2025-07-02 16:54:58.313,126,0.4951978921890259,-0.19710145890712738,0.32070648670196533,0.9986944198608398,0.0038863185327500105,-0.04660271480679512,-0.020437709987163544,0.4697507619857788,-0.18811345100402832,0.261064350605011,0.9996997117996216,-0.005636618006974459,-0.008096606470644474,0.00754737202078104,1.0000792741775513
2025-07-02 16:54:58.364,127,0.493406742811203,-0.19604313373565674,0.3158327043056488,0.9986059665679932,0.0037707160227000713,-0.04818910360336304,-0.02109329029917717,0.4664141535758972,-0.1907554566860199,0.25463950634002686,0.9999434351921082,-0.006614078301936388,-0.008220496587455273,0.008475404232740402,1.0000944137573242
2025-07-02 16:54:58.413,128,0.4915041923522949,-0.19520729780197144,0.31069207191467285,0.9985411167144775,0.003571564331650734,-0.04933466017246246,-0.021543582901358604,0.463492751121521,-0.19354085624217987,0.24905191361904144,0.9998076558113098,-0.0071632578037679195,-0.008452563546597958,0.009415965527296066,0.999908983707428
2025-07-02 16:54:58.463,129,0.4893958866596222,-0.19446411728858948,0.3046419322490692,0.9985004663467407,0.0032886320259422064,-0.05003613233566284,-0.02185366116464138,0.45933017134666443,-0.19560259580612183,0.24126046895980835,0.9998959302902222,-0.007404199801385403,-0.008851821534335613,0.009945101104676723,0.9999749660491943
2025-07-02 16:54:58.515,130,0.4871916174888611,-0.19394932687282562,0.29855087399482727,0.9984806180000305,0.002912777941673994,-0.05038077011704445,-0.022021068260073662,0.4793761372566223,-0.17534054815769196,0.30304670333862305,0.9996441602706909,-0.021548235788941383,-0.024406377226114273,-0.00431879423558712,1.0000803470611572
2025-07-02 16:54:58.563,131,0.4851223826408386,-0.19364824891090393,0.29251235723495483,0.9985000491142273,0.0023918875958770514,-0.05006059631705284,-0.02193303033709526,0.4658438265323639,-0.19271373748779297,0.24420158565044403,0.9998734593391418,-0.014710449613630772,-0.009394707158207893,0.004614264238625765,0.9999052286148071
2025-07-02 16:54:58.614,132,0.48342105746269226,-0.1930951178073883,0.2878457307815552,0.9985064268112183,0.0013536676997318864,-0.05000936612486839,-0.02184819057583809,0.46009474992752075,-0.19025976955890656,0.23936519026756287,0.9996614456176758,-0.008146945387125015,-0.007578092627227306,0.007490928750485182,0.9997885227203369
2025-07-02 16:54:58.664,133,0.4818660616874695,-0.1925278753042221,0.28376707434654236,0.9985043406486511,-5.4245370847638696e-05,-0.050090719014406204,-0.02179884910583496,0.45281538367271423,-0.196205273270607,0.22609327733516693,0.9999074935913086,-0.008780023083090782,-0.009248891845345497,0.007612972054630518,1.0000405311584473
2025-07-02 16:54:58.713,134,0.47999879717826843,-0.1921587437391281,0.27955421805381775,0.9984747171401978,-0.0010308632627129555,-0.050579674541950226,-0.0220023263245821,0.4497094452381134,-0.1984519213438034,0.21936184167861938,0.9999029040336609,-0.006438694894313812,-0.008457389660179615,0.009120779111981392,1.0001308917999268
2025-07-02 16:54:58.763,135,0.47786766290664673,-0.19203877449035645,0.2747102677822113,0.998467743396759,-0.0017248117364943027,-0.05065572261810303,-0.02210039272904396,0.4472189247608185,-0.19963300228118896,0.21575133502483368,0.9998183846473694,-0.003680905094370246,-0.007103246636688709,0.008049748837947845,0.9999791979789734
2025-07-02 16:54:58.815,136,0.4752833843231201,-0.1922340989112854,0.2692689299583435,0.9984633326530457,-0.0028637356590479612,-0.05065102130174637,-0.022190559655427933,0.4451964497566223,-0.20026655495166779,0.21138474345207214,0.9998024106025696,0.0006871894001960754,-0.004948067478835583,0.0064256940968334675,1.0001229047775269
2025-07-02 16:54:58.864,137,0.47279295325279236,-0.19262391328811646,0.2639230191707611,0.9984821081161499,-0.004151081200689077,-0.05021226033568382,-0.02214016206562519,0.44339579343795776,-0.19929832220077515,0.20608383417129517,1.000064492225647,0.0033939150162041187,-0.0043328008614480495,0.003630071645602584,0.9999037981033325
2025-07-02 16:54:58.915,138,0.46990257501602173,-0.19314903020858765,0.25800788402557373,0.9984925985336304,-0.005714890081435442,-0.049835097044706345,-0.022170530632138252,0.44128158688545227,-0.1988067626953125,0.1983865648508072,0.9999959468841553,0.004752025008201599,-0.004183824639767408,0.000709319079760462,0.9999459385871887
2025-07-02 16:54:58.963,139,0.4672456979751587,-0.1936561018228531,0.252506822347641,0.9985174536705017,-0.006976704578846693,-0.04919680207967758,-0.022115759551525116,0.4390975832939148,-0.1982845515012741,0.1899215430021286,1.0000725984573364,0.005376224406063557,-0.004223173949867487,-0.0018485639011487365,0.999935507774353
2025-07-02 16:54:59.018,140,0.4644855260848999,-0.19406896829605103,0.24651102721691132,0.9985361695289612,-0.007813098840415478,-0.04862072691321373,-0.022265035659074783,0.45079925656318665,-0.19546622037887573,0.21823790669441223,0.9998197555541992,-0.0013093750458210707,-0.008780808188021183,-0.0026913464535027742,1.0000298023223877
2025-07-02 16:54:59.067,141,0.46186140179634094,-0.19448833167552948,0.24043452739715576,0.9985626339912415,-0.00849028117954731,-0.04786267504096031,-0.022470541298389435,0.4392947852611542,-0.19212289154529572,0.20411460101604462,0.9997919797897339,0.01446973904967308,0.0016025640070438385,0.0030403542332351208,1.000015377998352
2025-07-02 16:54:59.113,142,0.46001672744750977,-0.19476957619190216,0.23563265800476074,0.9985962510108948,-0.009083442389965057,-0.04698432981967926,-0.022597821429371834,0.426242858171463,-0.1941455751657486,0.20462177693843842,0.9998152852058411,0.00941595807671547,-0.0029009643476456404,-0.0031817590352147818,0.9999376535415649
2025-07-02 16:54:59.163,143,0.45807117223739624,-0.19485048949718475,0.23138423264026642,0.9985947012901306,-0.008818441070616245,-0.04686588793992996,-0.02301289327442646,0.4252522885799408,-0.19307342171669006,0.18599984049797058,1.0000733137130737,0.008329908363521099,-0.00282728741876781,-0.004559114575386047,1.0001407861709595
2025-07-02 16:54:59.213,144,0.45577216148376465,-0.1947486698627472,0.22745297849178314,0.9985746741294861,-0.007206495851278305,-0.04729640856385231,-0.023556724190711975,0.4265155494213104,-0.1923809051513672,0.1698712557554245,1.0000567436218262,0.00693513685837388,-0.0023887876886874437,-0.007914495654404163,0.9997822046279907
2025-07-02 16:54:59.263,145,0.45337244868278503,-0.19456885755062103,0.2236301600933075,0.9985479712486267,-0.005629857536405325,-0.04780622571706772,-0.024082550778985023,0.4259417951107025,-0.19306673109531403,0.15910036861896515,0.999899685382843,0.006847941316664219,-0.002763328142464161,-0.01190822385251522,1.0000755786895752
2025-07-02 16:54:59.313,146,0.450658917427063,-0.19413889944553375,0.21917928755283356,0.9985146522521973,-0.004541655071079731,-0.048340704292058945,-0.02462196908891201,0.42350757122039795,-0.19431576132774353,0.15063685178756714,0.9997382164001465,0.00737007288262248,-0.0018653776496648788,-0.014431523159146309,0.9998940229415894
2025-07-02 16:54:59.387,147,0.4480581283569336,-0.19372069835662842,0.21415512263774872,0.9985084533691406,-0.003903340082615614,-0.048292890191078186,-0.02507273480296135,0.422577828168869,-0.1954229772090912,0.14255255460739136,0.9996527433395386,0.007551767397671938,-0.0004838646564166993,-0.01675877720117569,1.0001482963562012
2025-07-02 16:54:59.414,148,0.4454098045825958,-0.19330854713916779,0.20841263234615326,0.9985007643699646,-0.004158589523285627,-0.048113320022821426,-0.02567480318248272,0.42133787274360657,-0.19638404250144958,0.13520973920822144,0.9998047351837158,0.007163343019783497,0.0009493370307609439,-0.018708854913711548,0.9999409914016724
2025-07-02 16:54:59.464,149,0.44287651777267456,-0.1930152177810669,0.20205911993980408,0.9985005259513855,-0.004915691912174225,-0.04763270169496536,-0.026435786858201027,0.4198344945907593,-0.1966068595647812,0.12923265993595123,0.9997990727424622,0.0066215344704687595,0.002643436659127474,-0.020741580054163933,1.0000807046890259
2025-07-02 16:54:59.516,150,0.4404509365558624,-0.19283424317836761,0.19564586877822876,0.9984920620918274,-0.005676701199263334,-0.047185223549604416,-0.027388235554099083,0.43322718143463135,-0.1915343552827835,0.16727082431316376,0.9994685649871826,0.006728616543114185,0.0023583928123116493,-0.014947409741580486,1.0000044107437134
2025-07-02 16:54:59.564,151,0.43841928243637085,-0.19277848303318024,0.18905510008335114,0.9985151886940002,-0.005916194058954716,-0.04610264301300049,-0.028323287144303322,0.42171981930732727,-0.18153253197669983,0.15277041494846344,0.9994593262672424,0.015455508604645729,0.010485627688467503,-0.015320948325097561,1.000076174736023
2025-07-02 16:54:59.614,152,0.43694379925727844,-0.19273169338703156,0.1834164559841156,0.9985437989234924,-0.0049247234128415585,-0.04500267654657364,-0.02925790287554264,0.4145870804786682,-0.17959219217300415,0.1368487924337387,0.9993556141853333,0.0037197088822722435,0.004010246600955725,-0.024986717849969864,0.9999999403953552
2025-07-02 16:54:59.666,153,0.43555429577827454,-0.192182719707489,0.17847377061843872,0.998540461063385,-0.003067667130380869,-0.04453551769256592,-0.03032039664685726,0.41661980748176575,-0.1828470677137375,0.12380237132310867,0.999488353729248,0.0031632205937057734,0.002652757568284869,-0.02782074175775051,0.9998722076416016
2025-07-02 16:54:59.714,154,0.4341653287410736,-0.1912999302148819,0.17402732372283936,0.9984953999519348,-0.0017568093026056886,-0.04476936161518097,-0.03154026344418526,0.4145634174346924,-0.1846543848514557,0.11648587882518768,0.9993653297424316,0.003633193438872695,0.003463911125436425,-0.028937729075551033,0.9999323487281799
2025-07-02 16:54:59.763,155,0.4326339364051819,-0.19021770358085632,0.16945958137512207,0.9984259605407715,-0.0016271229833364487,-0.0453539676964283,-0.0328814834356308,0.4148765504360199,-0.18692439794540405,0.11268331110477448,0.9993612766265869,0.002929925685748458,0.0036915645468980074,-0.031119875609874725,1.000153660774231
2025-07-02 16:54:59.813,156,0.43111202120780945,-0.18920549750328064,0.16465196013450623,0.9983785152435303,-0.0017421862576156855,-0.04549461603164673,-0.0340983010828495,0.4147564172744751,-0.18828359246253967,0.10764265805482864,0.9993435740470886,0.002813737839460373,0.003456209320574999,-0.03201359510421753,1.0000513792037964
2025-07-02 16:54:59.863,157,0.4295879006385803,-0.18829701840877533,0.15945929288864136,0.9983322024345398,-0.0020372301805764437,-0.04547993838787079,-0.035432491451501846,0.4142923057079315,-0.18823714554309845,0.10384861379861832,0.9992995262145996,0.0027708918787539005,0.0035907034762203693,-0.03242512792348862,0.9999201893806458
2025-07-02 16:54:59.914,158,0.42816394567489624,-0.18765613436698914,0.154330313205719,0.9982935190200806,-0.002596455393359065,-0.0452633835375309,-0.03673810884356499,0.4140661060810089,-0.18992523849010468,0.09885149449110031,0.9992910027503967,0.002869168296456337,0.0027201108168810606,-0.03305216133594513,1.0000250339508057
2025-07-02 16:54:59.964,159,0.4267931878566742,-0.18723134696483612,0.14910919964313507,0.9982632994651794,-0.0033961008302867413,-0.044813673943281174,-0.03802381083369255,0.4138925075531006,-0.19129574298858643,0.09510041773319244,0.9994210004806519,0.003127381671220064,0.0018447448965162039,-0.033930033445358276,1.0001040697097778
2025-07-02 16:55:00.014,160,0.42553600668907166,-0.187040314078331,0.14388605952262878,0.9982338547706604,-0.004429695662111044,-0.04424111917614937,-0.03933845832943916,0.424506813287735,-0.18680082261562347,0.113211989402771,0.999579906463623,0.003024265170097351,0.016893060877919197,-0.023988019675016403,1.0000420808792114
2025-07-02 16:55:00.063,161,0.4245630204677582,-0.18705938756465912,0.1389336884021759,0.9982215762138367,-0.005560304503887892,-0.043331634253263474,-0.04050127789378166,0.4240589737892151,-0.17636363208293915,0.10386572778224945,0.999387264251709,0.002274963539093733,0.012953228317201138,-0.03183836117386818,1.0000406503677368
2025-07-02 16:55:00.113,162,0.4241284430027008,-0.1870470941066742,0.13444884121418,0.9982107877731323,-0.006450326181948185,-0.04234948754310608,-0.04165732115507126,0.4219050705432892,-0.17313145101070404,0.09428936243057251,0.9988975524902344,-0.0016510265413671732,0.005395529791712761,-0.03759729862213135,0.9999487400054932
2025-07-02 16:55:00.164,163,0.4241373836994171,-0.18660672008991241,0.13047164678573608,0.9981839656829834,-0.006742591038346291,-0.041653476655483246,-0.04293522238731384,0.4228758215904236,-0.17681445181369781,0.09153556078672409,0.9989756345748901,-0.0028676344081759453,0.0020287674851715565,-0.042496196925640106,1.0002124309539795
2025-07-02 16:55:00.214,164,0.4241754412651062,-0.1858602613210678,0.12670613825321198,0.9981308579444885,-0.0067182257771492004,-0.04140901193022728,-0.04438638687133789,0.42105695605278015,-0.1814076006412506,0.0831717699766159,0.9990184307098389,-0.0013761809095740318,-0.00032145611476153135,-0.039431314915418625,0.999984085559845
2025-07-02 16:55:00.265,165,0.42427384853363037,-0.18514825403690338,0.12296004593372345,0.9980801343917847,-0.006736645009368658,-0.0410647839307785,-0.04582096263766289,0.41964998841285706,-0.18806017935276031,0.08330459147691727,0.9990999698638916,-0.0011808195849880576,-0.0009636020404286683,-0.03990831598639488,1.0000810623168945
2025-07-02 16:55:00.313,166,0.4242449998855591,-0.1844867318868637,0.11925182491540909,0.998012125492096,-0.006865294650197029,-0.04096800088882446,-0.04734472557902336,0.4189893901348114,-0.19169144332408905,0.07675376534461975,0.9993028044700623,0.0006026073242537677,-0.002954094437882304,-0.04035380855202675,0.999986469745636
2025-07-02 16:55:00.363,167,0.4242245852947235,-0.18403252959251404,0.11561854183673859,0.9979424476623535,-0.007195536978542805,-0.040851350873708725,-0.048841144889593124,0.4171445071697235,-0.19436173141002655,0.07471708208322525,0.9992243647575378,0.0006564871873706579,-0.0035280161537230015,-0.041751570999622345,0.9999315142631531
2025-07-02 16:55:00.413,168,0.4241371750831604,-0.1839265078306198,0.111910380423069,0.9978821873664856,-0.007916647009551525,-0.040515363216400146,-0.050221432000398636,0.4162392318248749,-0.19631366431713104,0.07023903727531433,0.9992622137069702,0.0011526814196258783,-0.004474839195609093,-0.04224924370646477,1.0000592470169067
2025-07-02 16:55:00.463,169,0.42387351393699646,-0.18427494168281555,0.10827603191137314,0.9978228807449341,-0.009122749790549278,-0.04015141353011131,-0.051471758633852005,0.41455158591270447,-0.19666460156440735,0.06859063357114792,0.9992114305496216,0.001270037842914462,-0.005049997474998236,-0.04216267168521881,1.0000357627868652
2025-07-02 16:55:00.514,170,0.4234745502471924,-0.18498754501342773,0.10453382879495621,0.9977704286575317,-0.010725035332143307,-0.03961049020290375,-0.05258670821785927,0.42271000146865845,-0.18366067111492157,0.07653702795505524,0.9993339776992798,-0.0024007109459489584,0.01157413236796856,-0.04495253041386604,1.0001109838485718
2025-07-02 16:55:00.569,171,0.42292624711990356,-0.1858299821615219,0.10086274147033691,0.9977211356163025,-0.011195160448551178,-0.03917508199810982,-0.05373788997530937,0.417477548122406,-0.18809494376182556,0.07620551437139511,0.9989141225814819,-0.0013971461448818445,0.006403498817235231,-0.04279443249106407,0.9999168515205383
2025-07-02 16:55:00.613,172,0.42270705103874207,-0.18646427989006042,0.09761424362659454,0.9977129697799683,-0.010813042521476746,-0.038280878216028214,-0.05460423231124878,0.41572052240371704,-0.18732769787311554,0.06969854235649109,0.9988216757774353,-0.0018148769158869982,0.0007957774214446545,-0.04627746716141701,0.9998986721038818
2025-07-02 16:55:00.664,173,0.42245396971702576,-0.1867525726556778,0.09461914002895355,0.997687816619873,-0.01031750999391079,-0.03773330897092819,-0.055533625185489655,0.4139741361141205,-0.1851923018693924,0.06668777018785477,0.9991835951805115,0.0010687244357541203,-0.0024238417390733957,-0.045137323439121246,1.0000839233398438
2025-07-02 16:55:00.713,174,0.4222392141819,-0.18688081204891205,0.09187428653240204,0.997655987739563,-0.010265858843922615,-0.03730393946170807,-0.056398387998342514,0.41249147057533264,-0.1884872019290924,0.06343409419059753,0.9990987181663513,0.0041756397113204,-0.0037085372023284435,-0.042252618819475174,1.000078558921814
2025-07-02 16:55:00.771,175,0.42195066809654236,-0.18683725595474243,0.08931884169578552,0.9976066946983337,-0.010694626718759537,-0.03715856000781059,-0.057279475033283234,0.41144776344299316,-0.19480817019939423,0.06338755786418915,0.9990347027778625,0.004412769339978695,-0.005252412054687738,-0.041777633130550385,1.0001274347305298
2025-07-02 16:55:00.813,176,0.42148739099502563,-0.18676693737506866,0.0868559256196022,0.9975377321243286,-0.010794847272336483,-0.037402402609586716,-0.05829431861639023,0.41225433349609375,-0.1958489865064621,0.05888805538415909,0.9990785717964172,0.002917709993198514,-0.006061747204512358,-0.04170958697795868,1.0001393556594849
2025-07-02 16:55:00.863,177,0.4208860993385315,-0.18699075281620026,0.08452793210744858,0.9974775314331055,-0.01031846459954977,-0.03765915706753731,-0.059237513691186905,0.41146793961524963,-0.19467958807945251,0.05895135551691055,0.9992084503173828,0.001099702320061624,-0.007073925342410803,-0.04175504297018051,0.9999644756317139
2025-07-02 16:55:00.913,178,0.42019620537757874,-0.1875179260969162,0.082277812063694,0.9974327683448792,-0.009385236538946629,-0.037785373628139496,-0.06006046012043953,0.41133010387420654,-0.1929742395877838,0.059257831424474716,0.9990905523300171,0.0014005937846377492,-0.008119849488139153,-0.04170440137386322,1.0000536441802979
2025-07-02 16:55:00.963,179,0.4195221960544586,-0.1881987750530243,0.08009663224220276,0.9973995089530945,-0.008712620474398136,-0.037746090441942215,-0.06073538586497307,0.410264790058136,-0.1935029923915863,0.06002385541796684,0.9990285634994507,0.0033464115113019943,-0.00918522011488676,-0.040815405547618866,0.9999384880065918
2025-07-02 16:55:01.013,180,0.41879796981811523,-0.18884827196598053,0.07806206494569778,0.9973534345626831,-0.008646291680634022,-0.037911027669906616,-0.06139510124921799,0.4190998673439026,-0.1813584715127945,0.06061191111803055,0.9990203380584717,-0.0032196941319853067,0.0010345445480197668,-0.048176780343055725,1.0000183582305908
2025-07-02 16:55:01.063,181,0.4182005226612091,-0.1892625242471695,0.07610604912042618,0.9973112940788269,-0.008337687700986862,-0.03801044076681137,-0.06205730140209198,0.4105600118637085,-0.19257375597953796,0.062053922563791275,0.9990183115005493,0.0040407078340649605,1.7453567124903202e-07,-0.042934127151966095,0.9998495578765869
2025-07-02 16:55:01.116,182,0.41793882846832275,-0.1892852634191513,0.07438722997903824,0.997281551361084,-0.008413144387304783,-0.0378878079354763,-0.06259766221046448,0.40690839290618896,-0.19838061928749084,0.0632636696100235,0.9989401698112488,0.005577332340180874,-0.003281562589108944,-0.04512603580951691,0.9999476075172424
2025-07-02 16:55:01.164,183,0.4177379608154297,-0.18929024040699005,0.07294230908155441,0.9972558617591858,-0.00877460092306137,-0.03777122125029564,-0.06302620470523834,0.4065854549407959,-0.18874412775039673,0.05944299325346947,0.9990619421005249,0.004293530713766813,-0.006065716035664082,-0.04314498230814934,0.9999977350234985
2025-07-02 16:55:01.214,184,0.41739702224731445,-0.18954810500144958,0.07163818180561066,0.9972317814826965,-0.009066377766430378,-0.03773534297943115,-0.06338634341955185,0.4074065089225769,-0.19014908373355865,0.05561315640807152,0.9991368651390076,0.0037606952246278524,-0.006838311441242695,-0.04153427109122276,1.000138282775879
2025-07-02 16:55:01.264,185,0.4169085919857025,-0.18975821137428284,0.07048244774341583,0.9971907734870911,-0.009127089753746986,-0.0380362831056118,-0.0638408213853836,0.40901345014572144,-0.19580401480197906,0.05601006746292114,0.9991218447685242,0.0038276712875813246,-0.008228962309658527,-0.041185565292835236,1.0000731945037842
2025-07-02 16:55:01.313,186,0.4163810908794403,-0.1899292767047882,0.06946427375078201,0.9971479773521423,-0.008955557830631733,-0.03843304514884949,-0.0642942562699318,0.4106973111629486,-0.19416964054107666,0.05482263118028641,0.9991268515586853,0.0049950312823057175,-0.009479567408561707,-0.04069333150982857,1.0000309944152832
2025-07-02 16:55:01.363,187,0.4158226251602173,-0.19020013511180878,0.06855330616235733,0.9971131682395935,-0.008307727053761482,-0.03879253566265106,-0.06470396369695663,0.4103862941265106,-0.1928492933511734,0.055767908692359924,0.9990732669830322,0.0061347042210400105,-0.010624855756759644,-0.039976149797439575,1.0000334978103638
2025-07-02 16:55:01.414,188,0.4153207242488861,-0.19051766395568848,0.06765422970056534,0.9970853328704834,-0.007123660296201706,-0.03905853256583214,-0.06511297821998596,0.41092780232429504,-0.19223526120185852,0.05552925169467926,0.9993623495101929,0.00816434994339943,-0.011285818181931973,-0.03934094309806824,0.9997463226318359
2025-07-02 16:55:01.463,189,0.414898544549942,-0.190777987241745,0.06669207662343979,0.9970611333847046,-0.006070133298635483,-0.039205633103847504,-0.06550055742263794,0.41074681282043457,-0.19208241999149323,0.05421046167612076,0.9993130564689636,0.007994507439434528,-0.011520477011799812,-0.038198892027139664,1.0001801252365112
2025-07-02 16:55:01.513,190,0.4145670235157013,-0.19091320037841797,0.06573503464460373,0.9970352053642273,-0.005682682618498802,-0.03932289034128189,-0.06585919111967087,0.4162251651287079,-0.1807492971420288,0.05809434875845909,0.9992209076881409,-0.0015319864032790065,-0.002762396354228258,-0.045343831181526184,1.00006103515625
2025-07-02 16:55:01.564,191,0.4143705666065216,-0.19088324904441833,0.06491512060165405,0.9970125555992126,-0.005494120065122843,-0.0393863245844841,-0.06617923080921173,0.4077759385108948,-0.19221408665180206,0.05922875180840492,0.9990076422691345,0.003064436372369528,-0.0031563909724354744,-0.04212982952594757,0.9999938011169434
2025-07-02 16:55:01.613,192,0.41430962085723877,-0.19066451489925385,0.06428003311157227,0.9969923496246338,-0.005446887109428644,-0.03944046422839165,-0.06645473092794418,0.4043900668621063,-0.19954565167427063,0.06330537050962448,0.9991851449012756,0.0033078505657613277,-0.004945393651723862,-0.0443921834230423,0.9999962449073792
2025-07-02 16:55:01.663,193,0.41422510147094727,-0.19059641659259796,0.06389394402503967,0.9969789981842041,-0.00550841772928834,-0.03949589282274246,-0.06661640852689743,0.40572160482406616,-0.1887781172990799,0.058323804289102554,0.999070405960083,0.0032091981265693903,-0.007770349271595478,-0.042245928198099136,0.9998834729194641
2025-07-02 16:55:01.713,194,0.41406741738319397,-0.1907544732093811,0.0637383982539177,0.9969713687896729,-0.0057258340530097485,-0.039595529437065125,-0.06665337085723877,0.40806400775909424,-0.19227749109268188,0.054760828614234924,0.9994234442710876,0.004777606576681137,-0.00870908796787262,-0.040831152349710464,0.9998726844787598
2025-07-02 16:55:01.763,195,0.41381508111953735,-0.19083496928215027,0.06360680609941483,0.9969594478607178,-0.00590015621855855,-0.039781417697668076,-0.06670577079057693,0.4103824198246002,-0.1952163130044937,0.053663406521081924,0.9992086291313171,0.006421189289540052,-0.009839599020779133,-0.04048806056380272,1.0000975131988525
2025-07-02 16:55:01.814,196,0.41357243061065674,-0.19090047478675842,0.06346119940280914,0.9969474673271179,-0.006064259447157383,-0.03996087238192558,-0.06676317751407623,0.41181644797325134,-0.19352929294109344,0.05359027534723282,0.9991729259490967,0.007317594718188047,-0.010823539458215237,-0.039594605565071106,1.0001362562179565
2025-07-02 16:55:01.863,197,0.4133886992931366,-0.19104059040546417,0.06327957659959793,0.9969370365142822,-0.006282267160713673,-0.04009229689836502,-0.06681998819112778,0.41122686862945557,-0.19266687333583832,0.05342436954379082,0.9993228912353516,0.007418115623295307,-0.011246775276958942,-0.038457319140434265,0.9998791217803955
2025-07-02 16:55:01.913,198,0.4132712781429291,-0.1911413073539734,0.06302592903375626,0.9969298839569092,-0.006467106286436319,-0.0401352122426033,-0.0668831616640091,0.41023677587509155,-0.1932566612958908,0.053807567805051804,0.999151349067688,0.007382536306977272,-0.011543678119778633,-0.03740442916750908,1.0000717639923096
2025-07-02 16:55:01.964,199,0.4131890535354614,-0.1911901831626892,0.0627085492014885,0.9969232082366943,-0.00661265105009079,-0.0401364266872406,-0.0669679194688797,0.40853211283683777,-0.19504959881305695,0.05404382199048996,0.9992247819900513,0.006714817602187395,-0.011418255977332592,-0.035827431827783585,0.9998921155929565
2025-07-02 16:55:02.022,200,0.41314369440078735,-0.191252663731575,0.06235082447528839,0.9969237446784973,-0.006768017075955868,-0.04002342000603676,-0.06701186299324036,0.41546064615249634,-0.1801392138004303,0.0580039881169796,0.999168872833252,-0.0005426196730695665,-0.0032289638184010983,-0.04482406750321388,1.0000531673431396
2025-07-02 16:55:02.064,201,0.41312500834465027,-0.19132818281650543,0.06197015196084976,0.996928334236145,-0.0069371419958770275,-0.03983945772051811,-0.0670355036854744,0.40732723474502563,-0.1919572949409485,0.0591559112071991,0.999086856842041,0.0029829631093889475,-0.003990733530372381,-0.041976504027843475,1.0000208616256714
2025-07-02 16:55:02.114,202,0.4132164418697357,-0.19125263392925262,0.06161649897694588,0.9969369769096375,-0.006933677941560745,-0.0395832359790802,-0.06705959141254425,0.4044095277786255,-0.19911766052246094,0.06295347958803177,0.9992133975028992,0.00295044481754303,-0.005381857976317406,-0.04425771161913872,1.0000560283660889
2025-07-02 16:55:02.166,203,0.4132740795612335,-0.19125503301620483,0.06136121228337288,0.9969464540481567,-0.00698609696701169,-0.03935529664158821,-0.06704683601856232,0.4054659307003021,-0.18825045228004456,0.05789604410529137,0.9991294145584106,0.003105547046288848,-0.007973827421665192,-0.041897766292095184,1.0000979900360107
2025-07-02 16:55:02.213,204,0.41324135661125183,-0.19138333201408386,0.061295393854379654,0.9969521760940552,-0.007124409545212984,-0.03927411139011383,-0.06699483841657639,0.4080469608306885,-0.19221723079681396,0.05440998077392578,0.9989058375358582,0.004808217287063599,-0.008805551566183567,-0.04045391455292702,0.9999766945838928
2025-07-02 16:55:02.263,205,0.41315990686416626,-0.19141727685928345,0.06125560402870178,0.9969497919082642,-0.007193881552666426,-0.039315115660429,-0.06699878722429276,0.41026976704597473,-0.1945151388645172,0.053392089903354645,0.9992443323135376,0.006464327685534954,-0.010035846382379532,-0.04014664143323898,1.0000723600387573
2025-07-02 16:55:02.313,206,0.4130569398403168,-0.19141516089439392,0.06116705387830734,0.996945858001709,-0.007247576490044594,-0.039365269243717194,-0.0670221745967865,0.4113095998764038,-0.19343996047973633,0.0537099689245224,0.9992110133171082,0.0076023973524570465,-0.011011026799678802,-0.03950469195842743,1.0000149011611938
2025-07-02 16:55:02.363,207,0.4130045771598816,-0.19146279990673065,0.061067815870046616,0.9969476461410522,-0.0073286439292132854,-0.03932582587003708,-0.0670100599527359,0.4106954038143158,-0.19289012253284454,0.05366438254714012,0.9992501735687256,0.007744272239506245,-0.011351964436471462,-0.03798552230000496,0.9998734593391418
2025-07-02 16:55:02.418,208,0.4129912853240967,-0.19149599969387054,0.060936812311410904,0.9969502687454224,-0.007397275883704424,-0.039252132177352905,-0.06700708717107773,0.40946316719055176,-0.1939770132303238,0.05411216989159584,0.9992485046386719,0.007172221317887306,-0.011377949267625809,-0.03665303438901901,0.9997542500495911
2025-07-02 16:55:02.463,209,0.4130067527294159,-0.19150452315807343,0.060781292617321014,0.9969543814659119,-0.007436186540871859,-0.03914154693484306,-0.06700549274682999,0.4076008200645447,-0.1959688663482666,0.05422337353229523,0.9993333220481873,0.006294254679232836,-0.011613184586167336,-0.03532133996486664,1.0000216960906982
2025-07-02 16:55:02.514,210,0.41299697756767273,-0.19156098365783691,0.06061774492263794,0.9969581961631775,-0.007528113666921854,-0.03904087841510773,-0.06699735671281815,0.41477158665657043,-0.18045476078987122,0.05724932998418808,0.999371349811554,-0.00029635924147441983,-0.004080931656062603,-0.044330038130283356,0.9999537467956543
2025-07-02 16:55:02.564,211,0.41297078132629395,-0.1915939301252365,0.060475293546915054,0.9969581365585327,-0.007604409009218216,-0.03899933770298958,-0.06701388955116272,0.4065251052379608,-0.19226157665252686,0.058704525232315063,0.9991166591644287,0.002560961525887251,-0.004850444383919239,-0.04215879738330841,0.9999644756317139
2025-07-02 16:55:02.614,212,0.413002073764801,-0.19151103496551514,0.06039712578058243,0.9969580173492432,-0.0075369542464613914,-0.03896802291274071,-0.06704197824001312,0.4041120409965515,-0.19864968955516815,0.06194725260138512,0.9992956519126892,0.002296210266649723,-0.005898777861148119,-0.044099628925323486,1.0000638961791992
2025-07-02 16:55:02.664,213,0.4129926562309265,-0.19153133034706116,0.060384783893823624,0.9969589114189148,-0.007562949787825346,-0.03895314037799835,-0.0670342668890953,0.40577197074890137,-0.18882904946804047,0.057324059307575226,0.9991723299026489,0.003256134921684861,-0.008622071705758572,-0.041714731603860855,0.9999691247940063
2025-07-02 16:55:02.713,214,0.41296184062957764,-0.19159235060214996,0.06038017198443413,0.9969596266746521,-0.007627228740602732,-0.03895319253206253,-0.06701573729515076,0.4088205099105835,-0.19223298132419586,0.05394591763615608,0.9992101788520813,0.005163392052054405,-0.008992787450551987,-0.04032455384731293,1.0001227855682373
2025-07-02 16:55:02.763,215,0.41289764642715454,-0.19156597554683685,0.060344282537698746,0.9969556927680969,-0.007634684443473816,-0.03900826722383499,-0.06704168021678925,0.41077497601509094,-0.1939905434846878,0.053506746888160706,0.9990053176879883,0.007147020194679499,-0.010842835530638695,-0.04009309038519859,1.0000483989715576
2025-07-02 16:55:02.814,216,0.4128209054470062,-0.1915198266506195,0.06029583513736725,0.9969508051872253,-0.0076322597451508045,-0.03907451406121254,-0.06707610189914703,0.4116181433200836,-0.1932418942451477,0.054006125777959824,0.9990867972373962,0.007924327626824379,-0.011266417801380157,-0.038839783519506454,1.000087857246399
2025-07-02 16:55:02.864,217,0.4127873480319977,-0.1915149986743927,0.06027078628540039,0.9969497919082642,-0.00764021510258317,-0.03908928483724594,-0.06708168238401413,0.4105699360370636,-0.19283021986484528,0.05397334322333336,0.9991876482963562,0.007477483246475458,-0.011215195059776306,-0.037281036376953125,0.9999779462814331
2025-07-02 16:55:02.913,218,0.4128030240535736,-0.19152265787124634,0.0602680929005146,0.996953010559082,-0.007644528057426214,-0.03904212638735771,-0.0670611783862114,0.40895071625709534,-0.19460178911685944,0.05442870035767555,0.9992154240608215,0.0070291077718138695,-0.011519521474838257,-0.03617389500141144,1.00002920627594
2025-07-02 16:55:02.963,219,0.41283345222473145,-0.1915377527475357,0.060259733349084854,0.9969585537910461,-0.007651760708540678,-0.03896034136414528,-0.06702513992786407,0.4073447585105896,-0.1968436986207962,0.05454104766249657,0.9992712736129761,0.005927782040089369,-0.011393355205655098,-0.034751828759908676,1.0001564025878906
2025-07-02 16:55:03.014,220,0.4128264784812927,-0.19158655405044556,0.06023595482110977,0.9969615936279297,-0.00770152872428298,-0.03891799598932266,-0.0669991672039032,0.4146396517753601,-0.1801883578300476,0.05720139667391777,0.9992089867591858,-0.00036368018481880426,-0.004265846684575081,-0.04434819519519806,1.0000501871109009
2025-07-02 16:55:03.063,221,0.41280436515808105,-0.19165533781051636,0.06020548939704895,0.9969637393951416,-0.0077762603759765625,-0.03888603672385216,-0.0669768676161766,0.40645474195480347,-0.19208689033985138,0.05859512835741043,0.9992045760154724,0.002418801188468933,-0.0045892661437392235,-0.042063839733600616,1.000197410583496
2025-07-02 16:55:03.115,222,0.4128437042236328,-0.19159741699695587,0.06019569933414459,0.9969660639762878,-0.0077105918899178505,-0.0388459749519825,-0.06697315722703934,0.40415361523628235,-0.19864103198051453,0.06194032356142998,0.9991565942764282,0.0019948091357946396,-0.006221909541636705,-0.043937064707279205,0.9999859929084778
2025-07-02 16:55:03.164,223,0.4128307104110718,-0.19161729514598846,0.060191988945007324,0.9969663023948669,-0.007737054955214262,-0.03884227201342583,-0.06696849316358566,0.40567532181739807,-0.18868230283260345,0.057443346828222275,0.9989750385284424,0.003157796338200569,-0.008702727034687996,-0.041468050330877304,0.9999018907546997
2025-07-02 16:55:03.213,224,0.41280099749565125,-0.1916666179895401,0.06018536165356636,0.9969664216041565,-0.007792148273438215,-0.03884914889931679,-0.06695672869682312,0.40876880288124084,-0.1921575963497162,0.0539131835103035,0.9993401765823364,0.005196040030568838,-0.009294341318309307,-0.040236666798591614,0.9999573230743408
2025-07-02 16:55:03.264,225,0.4127274453639984,-0.19163444638252258,0.06014368310570717,0.9969616532325745,-0.007797602564096451,-0.03891568258404732,-0.06698855012655258,0.4109027683734894,-0.19371627271175385,0.05363951623439789,0.9990997314453125,0.006924680434167385,-0.010706387460231781,-0.039984557777643204,0.9999592900276184
2025-07-02 16:55:03.313,226,0.4126751124858856,-0.19160151481628418,0.06011240929365158,0.9969581365585327,-0.007794700097292662,-0.03896278515458107,-0.06701306998729706,0.4114960730075836,-0.19318699836730957,0.05390075221657753,0.9992724061012268,0.00770798372104764,-0.011188088916242123,-0.03877292200922966,1.0000813007354736
2025-07-02 16:55:03.364,227,0.4126637578010559,-0.19160166382789612,0.060102127492427826,0.9969579577445984,-0.007799123879522085,-0.03896399587392807,-0.06701447814702988,0.4105263650417328,-0.1931646764278412,0.05405493080615997,0.9991821646690369,0.007546542678028345,-0.011555933393537998,-0.03713861107826233,1.0003052949905396
2025-07-02 16:55:03.413,228,0.4126763939857483,-0.1916077882051468,0.060105323791503906,0.9969601631164551,-0.007801281288266182,-0.03893493860960007,-0.06699869781732559,0.40896886587142944,-0.1946590542793274,0.05447898805141449,0.9994884133338928,0.006717010401189327,-0.01139170303940773,-0.035760004073381424,0.9999455213546753
2025-07-02 16:55:03.463,229,0.4127084016799927,-0.19162847101688385,0.06010551378130913,0.9969658851623535,-0.007804293651133776,-0.03885374590754509,-0.06696068495512009,0.4073639512062073,-0.19705837965011597,0.05461930111050606,0.9995177984237671,0.005557185970246792,-0.011649961583316326,-0.03463942930102348,0.9998990297317505
2025-07-02 16:55:03.514,230,0.4127011299133301,-0.19167040288448334,0.060099754482507706,0.9969683885574341,-0.007849243469536304,-0.03882439807057381,-0.06693520396947861,0.4147487282752991,-0.1803397387266159,0.05685092881321907,0.999459445476532,-0.00026080396492034197,-0.0043222783133387566,-0.04442533105611801,1.0000908374786377
2025-07-02 16:55:03.564,231,0.41269031167030334,-0.19175073504447937,0.060094937682151794,0.9969725012779236,-0.007919736206531525,-0.038774020969867706,-0.06689463555812836,0.40638017654418945,-0.19212448596954346,0.05885642394423485,0.9991899132728577,0.002252589212730527,-0.004981344100087881,-0.04188164696097374,0.9998506903648376
2025-07-02 16:55:03.613,232,0.4127364158630371,-0.1916893869638443,0.06009826436638832,0.9969747066497803,-0.007852097973227501,-0.03873594477772713,-0.06689123064279556,0.4039614200592041,-0.19828109443187714,0.061788298189640045,0.9991506934165955,0.0019389906665310264,-0.006396751385182142,-0.04413285851478577,1.000014305114746
2025-07-02 16:55:03.663,233,0.4127224087715149,-0.1917036771774292,0.060094594955444336,0.9969747066497803,-0.007867981679737568,-0.03873799741268158,-0.06688854098320007,0.4058307111263275,-0.1886618435382843,0.057285092771053314,0.999117374420166,0.0034494022838771343,-0.00883270613849163,-0.04162650927901268,1.0000711679458618
2025-07-02 16:55:03.714,234,0.4126996695995331,-0.19174908101558685,0.060091935098171234,0.9969750642776489,-0.007917218841612339,-0.038739800453186035,-0.0668761357665062,0.4089497923851013,-0.19207149744033813,0.05370336025953293,0.9989912509918213,0.0052033704705536366,-0.00941835343837738,-0.040041375905275345,1.000017523765564
2025-07-02 16:55:03.765,235,0.412650465965271,-0.1917259246110916,0.06006448715925217,0.996971845626831,-0.007920268923044205,-0.03878438472747803,-0.06689786165952682,0.41075003147125244,-0.19388876855373383,0.053579963743686676,0.9991740584373474,0.007291752845048904,-0.010776028037071228,-0.039977528154850006,0.9999680519104004
2025-07-02 16:55:03.814,236,0.4125887155532837,-0.191685289144516,0.06002632528543472,0.9969675540924072,-0.007914171554148197,-0.03884204849600792,-0.06692929565906525,0.41152694821357727,-0.19316571950912476,0.053892988711595535,0.9993992447853088,0.007887053303420544,-0.011291270144283772,-0.038696855306625366,0.9999668002128601
2025-07-02 16:55:03.864,237,0.41257235407829285,-0.1916757971048355,0.06001356989145279,0.9969666600227356,-0.007915259338915348,-0.03885388374328613,-0.06693551689386368,0.410456120967865,-0.19327157735824585,0.054178375750780106,0.9993783235549927,0.007594740483909845,-0.011436323635280132,-0.03696484491229057,1.0000007152557373
2025-07-02 16:55:03.913,238,0.41257593035697937,-0.19167979061603546,0.06001395732164383,0.9969674944877625,-0.007915512658655643,-0.03884221240878105,-0.06693030148744583,0.4088010787963867,-0.19504401087760925,0.054485104978084564,0.9994766712188721,0.006787083111703396,-0.011598286218941212,-0.03579294681549072,1.0000609159469604
2025-07-02 16:55:03.965,239,0.4125819504261017,-0.19168666005134583,0.060013297945261,0.9969689249992371,-0.007922199554741383,-0.03882171958684921,-0.06691955029964447,0.4072483777999878,-0.19721730053424835,0.05443419888615608,0.9991596341133118,0.005514614749699831,-0.0116734579205513,-0.03460833430290222,1.0000288486480713
2025-07-02 16:55:04.016,240,0.41258782148361206,-0.19174011051654816,0.060014717280864716,0.9969736933708191,-0.007964116521179676,-0.03876318037509918,-0.06687772274017334,0.41451743245124817,-0.18038073182106018,0.056997764855623245,0.999274492263794,-0.0002786635886877775,-0.004636732395738363,-0.04432854801416397,0.9999821782112122
2025-07-02 16:55:04.070,241,0.4125777781009674,-0.1918323040008545,0.06001126021146774,0.9969782829284668,-0.008053166791796684,-0.03870539367198944,-0.06683196127414703,0.40660929679870605,-0.19209040701389313,0.05865833908319473,0.9990659356117249,0.0024369503371417522,-0.004923268686980009,-0.04198375344276428,1.0000752210617065
2025-07-02 16:55:04.113,242,0.4126224219799042,-0.19176124036312103,0.06001674383878708,0.9969799518585205,-0.007969105616211891,-0.03867718577384949,-0.06683323532342911,0.40395587682724,-0.1986364722251892,0.06176964193582535,0.999255895614624,0.002051310846582055,-0.005927008111029863,-0.04400712624192238,1.0000287294387817
2025-07-02 16:55:04.163,243,0.4126267731189728,-0.19176317751407623,0.06001782789826393,0.9969810843467712,-0.007967540062963963,-0.038661692291498184,-0.06682594120502472,0.4056994616985321,-0.18880191445350647,0.05717949569225311,0.9991776347160339,0.0032700938172638416,-0.008693940937519073,-0.041527602821588516,0.9998891949653625
2025-07-02 16:55:04.213,244,0.41260477900505066,-0.19181394577026367,0.0600149929523468,0.9969816207885742,-0.008024035952985287,-0.038659147918224335,-0.0668126568198204,0.4089847505092621,-0.1920444518327713,0.05376679450273514,0.9992980360984802,0.00536695122718811,-0.009567278437316418,-0.04000562056899071,1.0000079870224
2025-07-02 16:55:04.263,245,0.4125652611255646,-0.1917901635169983,0.05999225378036499,0.9969791173934937,-0.008017570711672306,-0.03869578242301941,-0.06682916730642319,0.41076597571372986,-0.19373108446598053,0.053311169147491455,0.9991938471794128,0.007261316757649183,-0.010788877494633198,-0.039763014763593674,0.9999792575836182
2025-07-02 16:55:04.313,246,0.4125109612941742,-0.1917528659105301,0.059958502650260925,0.9969752430915833,-0.008009369485080242,-0.03874857351183891,-0.06685754656791687,0.41165879368782043,-0.19341085851192474,0.05401746928691864,0.9991113543510437,0.007964861579239368,-0.011151405982673168,-0.0385575145483017,0.9999575018882751
2025-07-02 16:55:04.363,247,0.4125009775161743,-0.1917445808649063,0.05994871258735657,0.9969744682312012,-0.008013570681214333,-0.03875640034675598,-0.06686379015445709,0.4104541838169098,-0.19304881989955902,0.05403628572821617,0.9992910623550415,0.00764873530715704,-0.011472347192466259,-0.037066828459501266,0.9999702572822571
2025-07-02 16:55:04.414,248,0.4125114381313324,-0.1917562037706375,0.05995434895157814,0.9969764351844788,-0.008018380962312222,-0.03872979059815407,-0.06684938073158264,0.40887442231178284,-0.19505049288272858,0.05462602525949478,0.9992761015892029,0.00678306445479393,-0.011582961305975914,-0.03581516817212105,0.9999331831932068
