timestamp,joint_positions,joint_velocities,object_position,target_position,last_action
1745327401.5323524,"[-0.003978474903555035, 0.008591686534736964, 0.0031103175216980598, 0.028182394146161194, 0.055131128974215626, -0.04284988515086674, -0.061114100965953044, -0.0002552503347396859, -0.0002552503347396859]","[0.00035793724775694637, 0.0005778263625693416, 0.0007259833128042373, 0.0003934232973149867, -0.0006757101788009631, -0.0005498977819248516, 0.0014593804416697558, 0.0, 0.0]","[0.5, 0.3, 0.055]","[0.65, 0.2, 0.5, 1.0, 0.0, 0.0, 0.0]",[0. 0. 0. 0. 0. 0. 0. 0.]
1745327403.0821302,"[0.20469367546871564, 0.5628349041606409, 0.6714215696668611, 0.15112894700343293, 0.5559797376346498, 0.48031955640966295, -0.33393863858091033, -0.03985783167358022, -0.03985783167358022]","[0.014179292020083651, 0.05497133244957517, 0.30532187021084906, 0.007818254683914732, 0.4408476688962024, 0.37101878211197303, -0.25263047794063603, 0.0, 0.0]","[0.40320458400132364, 0.35376539516236327, 0.26849651691458704]","[0.65, 0.2, 0.5, 1.0, 0.0, 0.0, 0.0]","[ 0.41569287  1.1544102   1.4897732   0.35055268  2.8465452   1.628347
 -1.2456973  -0.00763212]"
1745327403.092168,"[0.20469367546871564, 0.5628349041606409, 0.6714215696668611, 0.15112894700343293, 0.5559797376346498, 0.48031955640966295, -0.33393863858091033, -0.03985783167358022, -0.03985783167358022]","[0.014179292020083651, 0.05497133244957517, 0.30532187021084906, 0.007818254683914732, 0.4408476688962024, 0.37101878211197303, -0.25263047794063603, 0.0, 0.0]","[0.40320458400132364, 0.35376539516236327, 0.26849651691458704]","[0.65, 0.2, 0.5, 1.0, 0.0, 0.0, 0.0]","[ 0.569773    2.610275    0.32146132  0.95377564  1.5162086   0.6765902
 -1.8413372   2.633657  ]"
1745327403.102332,"[0.20469367546871564, 0.5628349041606409, 0.6714215696668611, 0.15112894700343293, 0.5559797376346498, 0.48031955640966295, -0.33393863858091033, -0.03985783167358022, -0.03985783167358022]","[0.014179292020083651, 0.05497133244957517, 0.30532187021084906, 0.007818254683914732, 0.4408476688962024, 0.37101878211197303, -0.25263047794063603, 0.0, 0.0]","[0.40320458400132364, 0.35376539516236327, 0.26849651691458704]","[0.65, 0.2, 0.5, 1.0, 0.0, 0.0, 0.0]","[ 1.1285473   2.8907917   0.30187845  0.8809946   3.6044855   1.2754031
 -2.6409867   4.8155284 ]"
1745327403.1121426,"[0.2055191892469448, 0.564556218648231, 0.6807609128965845, 0.151486680356824, 0.5720315568193087, 0.49204608544519024, -0.34191801112872117, -0.03985783167358022, -0.03985783167358022]","[0.045084179420141646, 0.05492646624207182, 0.2365067483278689, 0.016050264989899685, 0.4639543464404806, 0.3184955473057823, -0.24915142504119817, 0.0, 0.0]","[0.40320458400132364, 0.35376539516236327, 0.26849651691458704]","[0.65, 0.2, 0.5, 1.0, 0.0, 0.0, 0.0]","[ 0.70059806  2.460314    0.5816297   0.95164764  4.4621224   1.0464982
 -3.5053508   5.133219  ]"
1745327403.1221106,"[0.2055191892469448, 0.564556218648231, 0.6807609128965845, 0.151486680356824, 0.5720315568193087, 0.49204608544519024, -0.34191801112872117, -0.03985783167358022, -0.03985783167358022]","[0.045084179420141646, 0.05492646624207182, 0.2365067483278689, 0.016050264989899685, 0.4639543464404806, 0.3184955473057823, -0.24915142504119817, 0.0, 0.0]","[0.40320458400132364, 0.35376539516236327, 0.26849651691458704]","[0.65, 0.2, 0.5, 1.0, 0.0, 0.0, 0.0]","[ 0.55693036  2.6144025   0.5148578   0.98382324  4.278028    0.953007
 -3.9667685   5.169343  ]"
1745327403.1321983,"[0.2055191892469448, 0.564556218648231, 0.6807609128965845, 0.151486680356824, 0.5720315568193087, 0.49204608544519024, -0.34191801112872117, -0.03985783167358022, -0.03985783167358022]","[0.045084179420141646, 0.05492646624207182, 0.2365067483278689, 0.016050264989899685, 0.4639543464404806, 0.3184955473057823, -0.24915142504119817, 0.0, 0.0]","[0.40320458400132364, 0.35376539516236327, 0.26849651691458704]","[0.65, 0.2, 0.5, 1.0, 0.0, 0.0, 0.0]","[ 0.54093796  2.6367142   0.49667174  1.0018811   4.358859    0.97598433
 -4.032991    5.256903  ]"
1745327403.1422358,"[0.20910403604982913, 0.5673639161341135, 0.6856982719461692, 0.15275022296904694, 0.587598102641895, 0.5025854046846194, -0.35047778810722513, -0.03985783167358022, -0.03985783167358022]","[0.1367927441993921, 0.11375513804401347, 0.09145033235836034, 0.0567941289622437, 0.4789247039729722, 0.3024938067421809, -0.25231577036125913, 0.0, 0.0]","[0.40320458400132364, 0.35376539516236327, 0.26849651691458704]","[0.65, 0.2, 0.5, 1.0, 0.0, 0.0, 0.0]","[ 0.51929104  2.629908    0.50368124  1.0072749   4.392966    0.95899117
 -4.0704446   5.283235  ]"
1745327403.1521041,"[0.20910403604982913, 0.5673639161341135, 0.6856982719461692, 0.15275022296904694, 0.587598102641895, 0.5025854046846194, -0.35047778810722513, -0.03985783167358022, -0.03985783167358022]","[0.1367927441993921, 0.11375513804401347, 0.09145033235836034, 0.0567941289622437, 0.4789247039729722, 0.3024938067421809, -0.25231577036125913, 0.0, 0.0]","[0.40320458400132364, 0.35376539516236327, 0.26849651691458704]","[0.65, 0.2, 0.5, 1.0, 0.0, 0.0, 0.0]","[ 0.4883669   2.64764     0.48226678  1.0148914   4.356317    0.9133054
 -4.103808    5.304894  ]"
1745327403.1621876,"[0.20910403604982913, 0.5673639161341135, 0.6856982719461692, 0.15275022296904694, 0.587598102641895, 0.5025854046846194, -0.35047778810722513, -0.03985783167358022, -0.03985783167358022]","[0.1367927441993921, 0.11375513804401347, 0.09145033235836034, 0.0567941289622437, 0.4789247039729722, 0.3024938067421809, -0.25231577036125913, 0.0, 0.0]","[0.40320458400132364, 0.35376539516236327, 0.26849651691458704]","[0.65, 0.2, 0.5, 1.0, 0.0, 0.0, 0.0]","[ 0.4954186   2.6535444   0.47449702  1.0158999   4.3640084   0.9273175
 -4.1147017   5.3216543 ]"
1745327403.1721377,"[0.2142349385528353, 0.5724153206803926, 0.6867607958384181, 0.15561909802599327, 0.6024701291740394, 0.5112843964786471, -0.35903179869111906, -0.03985783167358022, -0.03985783167358022]","[0.16134879481478212, 0.1859442490933798, 0.002338754530791676, 0.11257773418547502, 0.47783887535364633, 0.22708271011260714, -0.25733625717455877, 0.0, 0.0]","[0.40320458400132364, 0.35376539516236327, 0.26849651691458704]","[0.65, 0.2, 0.5, 1.0, 0.0, 0.0, 0.0]","[ 0.49090916  2.6488993   0.4807673   1.0171237   4.3740635   0.92353415
 -4.112704    5.322875  ]"
1745327403.1821144,"[0.2142349385528353, 0.5724153206803926, 0.6867607958384181, 0.15561909802599327, 0.6024701291740394, 0.5112843964786471, -0.35903179869111906, -0.03985783167358022, -0.03985783167358022]","[0.16134879481478212, 0.1859442490933798, 0.002338754530791676, 0.11257773418547502, 0.47783887535364633, 0.22708271011260714, -0.25733625717455877, 0.0, 0.0]","[0.40320458400132364, 0.35376539516236327, 0.26849651691458704]","[0.65, 0.2, 0.5, 1.0, 0.0, 0.0, 0.0]","[ 0.4690047   2.6557713   0.48420888  1.0299494   4.3479414   0.8517405
 -4.079039    5.322711  ]"
1745327403.1921322,"[0.2142349385528353, 0.5724153206803926, 0.6867607958384181, 0.15561909802599327, 0.6024701291740394, 0.5112843964786471, -0.35903179869111906, -0.03985783167358022, -0.03985783167358022]","[0.16134879481478212, 0.1859442490933798, 0.002338754530791676, 0.11257773418547502, 0.47783887535364633, 0.22708271011260714, -0.25733625717455877, 0.0, 0.0]","[0.40320458400132364, 0.35376539516236327, 0.26849651691458704]","[0.65, 0.2, 0.5, 1.0, 0.0, 0.0, 0.0]","[ 0.48751897  2.6694221   0.46240813  1.0276455   4.341005    0.87218726
 -4.0984435   5.3381987 ]"
1745327403.202076,"[0.2142349385528353, 0.5724153206803926, 0.6867607958384181, 0.15561909802599327, 0.6024701291740394, 0.5112843964786471, -0.35903179869111906, -0.03985783167358022, -0.03985783167358022]","[0.16134879481478212, 0.1859442490933798, 0.002338754530791676, 0.11257773418547502, 0.47783887535364633, 0.22708271011260714, -0.25733625717455877, 0.0, 0.0]","[0.40320458400132364, 0.35376539516236327, 0.26849651691458704]","[0.65, 0.2, 0.5, 1.0, 0.0, 0.0, 0.0]","[ 0.48471254  2.6605613   0.4771024   1.0292215   4.3590302   0.87157583
 -4.0858703   5.3360934 ]"
1745327403.2122474,"[0.21927634570827187, 0.5801863635529916, 0.6854889900771775, 0.16033893075275873, 0.6179786585511879, 0.5182109725965232, -0.36812964367418605, -0.03985783167358022, -0.03985783167358022]","[0.14306645676320529, 0.2608625595342479, -0.0705716769381592, 0.15893757804532035, 0.44126514237891223, 0.18877009995493418, -0.26747567936954664, 0.0, 0.0]","[0.40320458400132364, 0.35376539516236327, 0.26849651691458704]","[0.65, 0.2, 0.5, 1.0, 0.0, 0.0, 0.0]","[ 0.48315668  2.6632068   0.4716543   1.0285989   4.35172     0.86799824
 -4.0930996   5.335778  ]"
1745327403.2221284,"[0.21927634570827187, 0.5801863635529916, 0.6854889900771775, 0.16033893075275873, 0.6179786585511879, 0.5182109725965232, -0.36812964367418605, -0.03985783167358022, -0.03985783167358022]","[0.14306645676320529, 0.2608625595342479, -0.0705716769381592, 0.15893757804532035, 0.44126514237891223, 0.18877009995493418, -0.26747567936954664, 0.0, 0.0]","[0.40320458400132364, 0.35376539516236327, 0.26849651691458704]","[0.65, 0.2, 0.5, 1.0, 0.0, 0.0, 0.0]","[ 0.4784724   2.663745    0.50162476  1.0461372   4.339406    0.7980336
 -4.0269823   5.301331  ]"
1745327403.2322516,"[0.21927634570827187, 0.5801863635529916, 0.6854889900771775, 0.16033893075275873, 0.6179786585511879, 0.5182109725965232, -0.36812964367418605, -0.03985783167358022, -0.03985783167358022]","[0.14306645676320529, 0.2608625595342479, -0.0705716769381592, 0.15893757804532035, 0.44126514237891223, 0.18877009995493418, -0.26747567936954664, 0.0, 0.0]","[0.40320458400132364, 0.35376539516236327, 0.26849651691458704]","[0.65, 0.2, 0.5, 1.0, 0.0, 0.0, 0.0]","[ 0.5010169   2.682135    0.47333878  1.0430421   4.3243885   0.8175645
 -4.051388    5.3122067 ]"
1745327403.2421832,"[0.22379228708018664, 0.5899820539471642, 0.6815826246490475, 0.16623225645853035, 0.6328539155384905, 0.5237041438871906, -0.3770662600807571, -0.03985783167358022, -0.03985783167358022]","[0.12708283354689495, 0.31242712800801453, -0.15254331440818772, 0.1824896546740611, 0.421884851614279, 0.1442446235680876, -0.2738258537186083, 0.0, 0.0]","[0.40320458400132364, 0.35376539516236327, 0.26849651691458704]","[0.65, 0.2, 0.5, 1.0, 0.0, 0.0, 0.0]","[ 0.5002763  2.6724513  0.4910167  1.0446151  4.3456783  0.8199786
 -4.0358534  5.309303 ]"
1745327403.2521687,"[0.22379228708018664, 0.5899820539471642, 0.6815826246490475, 0.16623225645853035, 0.6328539155384905, 0.5237041438871906, -0.3770662600807571, -0.03985783167358022, -0.03985783167358022]","[0.12708283354689495, 0.31242712800801453, -0.15254331440818772, 0.1824896546740611, 0.421884851614279, 0.1442446235680876, -0.2738258537186083, 0.0, 0.0]","[0.40320458400132364, 0.35376539516236327, 0.26849651691458704]","[0.65, 0.2, 0.5, 1.0, 0.0, 0.0, 0.0]","[ 0.50861025  2.6740482   0.51926094  1.0650156   4.328749    0.7361289
 -3.9477198   5.276323  ]"
1745327403.263909,"[0.22379228708018664, 0.5899820539471642, 0.6815826246490475, 0.16623225645853035, 0.6328539155384905, 0.5237041438871906, -0.3770662600807571, -0.03985783167358022, -0.03985783167358022]","[0.12708283354689495, 0.31242712800801453, -0.15254331440818772, 0.1824896546740611, 0.421884851614279, 0.1442446235680876, -0.2738258537186083, 0.0, 0.0]","[0.40320458400132364, 0.35376539516236327, 0.26849651691458704]","[0.65, 0.2, 0.5, 1.0, 0.0, 0.0, 0.0]","[ 0.5388358   2.6929233   0.49161774  1.0616952   4.3169055   0.76297295
 -3.9702742   5.2856236 ]"
1745327403.2722607,"[0.22788311415691742, 0.6012923401102773, 0.6750939873255328, 0.17300140004398123, 0.6482287418445254, 0.5272411406720123, -0.38641534557154444, -0.03985783167358022, -0.03985783167358022]","[0.11635853920639636, 0.36210509525534307, -0.22455056321488553, 0.22153336034323484, 0.4813857254626744, 0.08064191629080895, -0.28156409824895057, 0.0, 0.0]","[0.40320458400132364, 0.35376539516236327, 0.26849651691458704]","[0.65, 0.2, 0.5, 1.0, 0.0, 0.0, 0.0]","[ 0.5372033   2.6817315   0.51178247  1.063245    4.340141    0.76397336
 -3.9523537   5.280788  ]"
1745327403.282069,"[0.22788311415691742, 0.6012923401102773, 0.6750939873255328, 0.17300140004398123, 0.6482287418445254, 0.5272411406720123, -0.38641534557154444, -0.03985783167358022, -0.03985783167358022]","[0.11635853920639636, 0.36210509525534307, -0.22455056321488553, 0.22153336034323484, 0.4813857254626744, 0.08064191629080895, -0.28156409824895057, 0.0, 0.0]","[0.40320458400132364, 0.35376539516236327, 0.26849651691458704]","[0.65, 0.2, 0.5, 1.0, 0.0, 0.0, 0.0]","[ 0.55289185  2.6810877   0.5508347   1.0874208   4.318684    0.67152953
 -3.828015    5.239206  ]"
1745327403.2921662,"[0.22788311415691742, 0.6012923401102773, 0.6750939873255328, 0.17300140004398123, 0.6482287418445254, 0.5272411406720123, -0.38641534557154444, -0.03985783167358022, -0.03985783167358022]","[0.11635853920639636, 0.36210509525534307, -0.22455056321488553, 0.22153336034323484, 0.4813857254626744, 0.08064191629080895, -0.28156409824895057, 0.0, 0.0]","[0.40320458400132364, 0.35376539516236327, 0.26849651691458704]","[0.65, 0.2, 0.5, 1.0, 0.0, 0.0, 0.0]","[ 0.58939344  2.7026374   0.517721    1.0838392   4.3031898   0.7002655
 -3.849757    5.2480392 ]"
1745327403.302138,"[0.22788311415691742, 0.6012923401102773, 0.6750939873255328, 0.17300140004398123, 0.6482287418445254, 0.5272411406720123, -0.38641534557154444, -0.03985783167358022, -0.03985783167358022]","[0.11635853920639636, 0.36210509525534307, -0.22455056321488553, 0.22153336034323484, 0.4813857254626744, 0.08064191629080895, -0.28156409824895057, 0.0, 0.0]","[0.40320458400132364, 0.35376539516236327, 0.26849651691458704]","[0.65, 0.2, 0.5, 1.0, 0.0, 0.0, 0.0]","[ 0.5889164   2.6899316   0.54116327  1.0852729   4.329698    0.70291996
 -3.8282921   5.2421465 ]"
1745327403.3121297,"[0.23181657474711498, 0.6145996793035569, 0.6656250838965421, 0.18123844441235049, 0.6639166273552458, 0.5289749582624679, -0.396241560365608, -0.03985783167358022, -0.03985783167358022]","[0.1214145599635946, 0.4029364859731865, -0.30711700857814317, 0.2570559441878097, 0.48777142994526795, 0.03855685478918102, -0.29214221001881324, 0.0, 0.0]","[0.40320458400132364, 0.35376539516236327, 0.26849651691458704]","[0.65, 0.2, 0.5, 1.0, 0.0, 0.0, 0.0]","[ 0.58650774  2.6932127   0.53341144  1.0843837   4.31883     0.69680655
 -3.8368652   5.240492  ]"
1745327403.3221223,"[0.23181657474711498, 0.6145996793035569, 0.6656250838965421, 0.18123844441235049, 0.6639166273552458, 0.5289749582624679, -0.396241560365608, -0.03985783167358022, -0.03985783167358022]","[0.1214145599635946, 0.4029364859731865, -0.30711700857814317, 0.2570559441878097, 0.48777142994526795, 0.03855685478918102, -0.29214221001881324, 0.0, 0.0]","[0.40320458400132364, 0.35376539516236327, 0.26849651691458704]","[0.65, 0.2, 0.5, 1.0, 0.0, 0.0, 0.0]","[ 0.61436635  2.6918333   0.57809395  1.1092381   4.297685    0.6154033
 -3.7018917   5.19014   ]"
1745327403.332081,"[0.23181657474711498, 0.6145996793035569, 0.6656250838965421, 0.18123844441235049, 0.6639166273552458, 0.5289749582624679, -0.396241560365608, -0.03985783167358022, -0.03985783167358022]","[0.1214145599635946, 0.4029364859731865, -0.30711700857814317, 0.2570559441878097, 0.48777142994526795, 0.03855685478918102, -0.29214221001881324, 0.0, 0.0]","[0.40320458400132364, 0.35376539516236327, 0.26849651691458704]","[0.65, 0.2, 0.5, 1.0, 0.0, 0.0, 0.0]","[ 0.6513804   2.7122812   0.54720527  1.1065971   4.283685    0.6414814
 -3.7185514   5.1950893 ]"
1745327403.3421571,"[0.23580642065909896, 0.6284943841269433, 0.6540724010759974, 0.19029537528499452, 0.6795416012571193, 0.5296131261362951, -0.4059711080623997, -0.03985783167358022, -0.03985783167358022]","[0.1306424174118474, 0.4288213792800289, -0.3719245228366013, 0.2783378542803167, 0.4967564602768969, 0.007777730364964408, -0.29148458884502054, 0.0, 0.0]","[0.40320458400132364, 0.35376539516236327, 0.26849651691458704]","[0.65, 0.2, 0.5, 1.0, 0.0, 0.0, 0.0]","[ 0.6520056  2.7006838  0.5693056  1.1076771  4.3086095  0.6450068
 -3.6986525  5.189432 ]"
1745327403.3521497,"[0.23580642065909896, 0.6284943841269433, 0.6540724010759974, 0.19029537528499452, 0.6795416012571193, 0.5296131261362951, -0.4059711080623997, -0.03985783167358022, -0.03985783167358022]","[0.1306424174118474, 0.4288213792800289, -0.3719245228366013, 0.2783378542803167, 0.4967564602768969, 0.007777730364964408, -0.29148458884502054, 0.0, 0.0]","[0.40320458400132364, 0.35376539516236327, 0.26849651691458704]","[0.65, 0.2, 0.5, 1.0, 0.0, 0.0, 0.0]","[ 0.6835467   2.7025979   0.6028287   1.130922    4.2739387   0.55977964
 -3.5701523   5.1421294 ]"
1745327403.362131,"[0.23580642065909896, 0.6284943841269433, 0.6540724010759974, 0.19029537528499452, 0.6795416012571193, 0.5296131261362951, -0.4059711080623997, -0.03985783167358022, -0.03985783167358022]","[0.1306424174118474, 0.4288213792800289, -0.3719245228366013, 0.2783378542803167, 0.4967564602768969, 0.007777730364964408, -0.29148458884502054, 0.0, 0.0]","[0.40320458400132364, 0.35376539516236327, 0.26849651691458704]","[0.65, 0.2, 0.5, 1.0, 0.0, 0.0, 0.0]","[ 0.7238944   2.7215736   0.5774545   1.1292799   4.2653766   0.59038246
 -3.580669    5.144949  ]"
1745327403.3721058,"[0.24054709296208676, 0.6434265407274284, 0.6406901479760608, 0.1994929119797324, 0.695972696615611, 0.5296121372506728, -0.4161423771340685, -0.03985783167358022, -0.03985783167358022]","[0.16107596641881966, 0.44668005680190587, -0.42928439779018596, 0.27831766989604295, 0.47426382159587266, -0.001364232360820506, -0.30730089845911296, 0.0, 0.0]","[0.40320458400132364, 0.35376539516236327, 0.26849651691458704]","[0.65, 0.2, 0.5, 1.0, 0.0, 0.0, 0.0]","[ 0.72325677  2.71003     0.59835887  1.1301651   4.2891994   0.59166706
 -3.5614083   5.1389775 ]"
1745327403.382304,"[0.24054709296208676, 0.6434265407274284, 0.6406901479760608, 0.1994929119797324, 0.695972696615611, 0.5296121372506728, -0.4161423771340685, -0.03985783167358022, -0.03985783167358022]","[0.16107596641881966, 0.44668005680190587, -0.42928439779018596, 0.27831766989604295, 0.47426382159587266, -0.001364232360820506, -0.30730089845911296, 0.0, 0.0]","[0.40320458400132364, 0.35376539516236327, 0.26849651691458704]","[0.65, 0.2, 0.5, 1.0, 0.0, 0.0, 0.0]","[ 0.7610536   2.7118342   0.6253398   1.1495266   4.243854    0.51340663
 -3.438753    5.0990314 ]"
1745327403.3921118,"[0.24054709296208676, 0.6434265407274284, 0.6406901479760608, 0.1994929119797324, 0.695972696615611, 0.5296121372506728, -0.4161423771340685, -0.03985783167358022, -0.03985783167358022]","[0.16107596641881966, 0.44668005680190587, -0.42928439779018596, 0.27831766989604295, 0.47426382159587266, -0.001364232360820506, -0.30730089845911296, 0.0, 0.0]","[0.40320458400132364, 0.35376539516236327, 0.26849651691458704]","[0.65, 0.2, 0.5, 1.0, 0.0, 0.0, 0.0]","[ 0.8004418  2.7274177  0.6063203  1.1486948  4.239135   0.5436685
 -3.43892    5.0966916]"
1745327403.4021084,"[0.24054709296208676, 0.6434265407274284, 0.6406901479760608, 0.1994929119797324, 0.695972696615611, 0.5296121372506728, -0.4161423771340685, -0.03988738166575786, -0.03988738166575786]","[0.16107596641881966, 0.44668005680190587, -0.42928439779018596, 0.27831766989604295, 0.47426382159587266, -0.001364232360820506, -0.30730089845911296, -0.00029315606574173273, -0.00029315606574173273]","[0.40320458400132364, 0.35376539516236327, 0.26849651691458704]","[0.65, 0.2, 0.5, 1.0, 0.0, 0.0, 0.0]","[ 0.80002004  2.717357    0.624026    1.1492118   4.258898    0.5436802
 -3.4213197   5.0908775 ]"
1745327403.4121296,"[0.24640358594318768, 0.6588476991211951, 0.6259414701713694, 0.20955534102800044, 0.7123081732902115, 0.5295416284844889, -0.42659650272386074, -0.03988738166575786, -0.03988738166575786]","[0.19536687181022389, 0.4744298108173473, -0.46419261600297135, 0.31490490950915634, 0.47322557775236085, -0.007548215542613482, -0.31918642878968295, -0.00029315606574173273, -0.00029315606574173273]","[0.40320458400132364, 0.35376539516236327, 0.26849651691458704]","[0.65, 0.2, 0.5, 1.0, 0.0, 0.0, 0.0]","[ 0.79919666  2.7198884   0.61783004  1.1486543   4.250127    0.5395746
 -3.42742     5.0888076 ]"
1745327403.4221454,"[0.24640358594318768, 0.6588476991211951, 0.6259414701713694, 0.20955534102800044, 0.7123081732902115, 0.5295416284844889, -0.42659650272386074, -0.03988738166575786, -0.03988738166575786]","[0.19536687181022389, 0.4744298108173473, -0.46419261600297135, 0.31490490950915634, 0.47322557775236085, -0.007548215542613482, -0.31918642878968295, -0.00029315606574173273, -0.00029315606574173273]","[0.40320458400132364, 0.35376539516236327, 0.26849651691458704]","[0.65, 0.2, 0.5, 1.0, 0.0, 0.0, 0.0]","[ 0.83096594  2.7209976   0.64934003  1.1680726   4.20435     0.4739454
 -3.3012078   5.0412135 ]"
1745327403.4321175,"[0.24640358594318768, 0.6588476991211951, 0.6259414701713694, 0.20955534102800044, 0.7123081732902115, 0.5295416284844889, -0.42659650272386074, -0.03988738166575786, -0.03988738166575786]","[0.19536687181022389, 0.4744298108173473, -0.46419261600297135, 0.31490490950915634, 0.47322557775236085, -0.007548215542613482, -0.31918642878968295, -0.00029315606574173273, -0.00029315606574173273]","[0.40320458400132364, 0.35376539516236327, 0.26849651691458704]","[0.65, 0.2, 0.5, 1.0, 0.0, 0.0, 0.0]","[ 0.8672477   2.7368457   0.62797815  1.1678629   4.1965556   0.49784222
 -3.3002617   5.040217  ]"
1745327403.4422474,"[0.25437752523726154, 0.6754006226480742, 0.6097625104116864, 0.22049542075374973, 0.7298410633118068, 0.5290723566778772, -0.43761799531118967, -0.03988738166575786, -0.03988738166575786]","[0.2525753018643242, 0.4846503103071441, -0.4849256679885234, 0.31926961851262275, 0.5091937705767516, -0.02061588517964048, -0.3207966442100644, -0.00029315606574173273, -0.00029315606574173273]","[0.40320458400132364, 0.35376539516236327, 0.26849651691458704]","[0.65, 0.2, 0.5, 1.0, 0.0, 0.0, 0.0]","[ 0.86834306  2.727464    0.64510334  1.1681612   4.216305    0.49988934
 -3.284098    5.0353727 ]"
1745327403.4521294,"[0.25437752523726154, 0.6754006226480742, 0.6097625104116864, 0.22049542075374973, 0.7298410633118068, 0.5290723566778772, -0.43761799531118967, -0.03462452670559287, -0.03462452670559287]","[0.2525753018643242, 0.4846503103071441, -0.4849256679885234, 0.31926961851262275, 0.5091937705767516, -0.02061588517964048, -0.3207966442100644, 0.1196759033594424, 0.1196759033594424]","[0.40320458400132364, 0.35376539516236327, 0.26849651691458704]","[0.65, 0.2, 0.5, 1.0, 0.0, 0.0, 0.0]","[ 0.89892167  2.7287202   0.6594171   1.1842128   4.154013    0.42472425
 -3.1560094   5.0148463 ]"
1745327403.4636347,"[0.25437752523726154, 0.6754006226480742, 0.6097625104116864, 0.22049542075374973, 0.7298410633118068, 0.5290723566778772, -0.43761799531118967, -0.03462452670559287, -0.03462452670559287]","[0.2525753018643242, 0.4846503103071441, -0.4849256679885234, 0.31926961851262275, 0.5091937705767516, -0.02061588517964048, -0.3207966442100644, 0.1196759033594424, 0.1196759033594424]","[0.40320458400132364, 0.35376539516236327, 0.26849651691458704]","[0.65, 0.2, 0.5, 1.0, 0.0, 0.0, 0.0]","[ 0.94862825  2.8256001   0.737449    1.1777252   4.1242156   0.7109858
 -3.2853105   4.980123  ]"
1745327403.472124,"[0.2633805801310707, 0.6917870988655375, 0.593203030762585, 0.23128175448394117, 0.7466441045477638, 0.5281447694956358, -0.44851875612200054, -0.03462452670559287, -0.03462452670559287]","[0.2834523464106633, 0.5008816285774799, -0.5071696572171748, 0.33839911626877334, 0.5210346245007418, -0.032551023450426285, -0.32887826394556996, 0.0, 0.0]","[0.40320458400132364, 0.35376539516236327, 0.26849651691458704]","[0.65, 0.2, 0.5, 1.0, 0.0, 0.0, 0.0]","[ 0.8563305  2.78281    0.7278114  1.1855     4.159863   0.6054661
 -3.2425566  4.9956617]"
1745327403.4821284,"[0.2633805801310707, 0.6917870988655375, 0.593203030762585, 0.23128175448394117, 0.7466441045477638, 0.5281447694956358, -0.44851875612200054, -0.03462452670559287, -0.03462452670559287]","[0.2834523464106633, 0.5008816285774799, -0.5071696572171748, 0.33839911626877334, 0.5210346245007418, -0.032551023450426285, -0.32887826394556996, 0.0, 0.0]","[0.40320458400132364, 0.35376539516236327, 0.26849651691458704]","[0.65, 0.2, 0.5, 1.0, 0.0, 0.0, 0.0]","[ 0.8809354   2.7094991   0.625515    1.2021438   4.064983    0.25549766
 -2.948851    4.9542203 ]"
1745327403.4920986,"[0.2633805801310707, 0.6917870988655375, 0.593203030762585, 0.23128175448394117, 0.7466441045477638, 0.5281447694956358, -0.44851875612200054, -0.03462452670559287, -0.03462452670559287]","[0.2834523464106633, 0.5008816285774799, -0.5071696572171748, 0.33839911626877334, 0.5210346245007418, -0.032551023450426285, -0.32887826394556996, 0.0, 0.0]","[0.40320458400132364, 0.35376539516236327, 0.26849651691458704]","[0.65, 0.2, 0.5, 1.0, 0.0, 0.0, 0.0]","[ 1.03535    2.7581115  0.6397498  1.1967983  4.043796   0.4057019
 -2.9498699  4.93177  ]"
1745327403.5021439,"[0.2633805801310707, 0.6917870988655375, 0.593203030762585, 0.23128175448394117, 0.7466441045477638, 0.5281447694956358, -0.44851875612200054, -0.03462452670559287, -0.03462452670559287]","[0.2834523464106633, 0.5008816285774799, -0.5071696572171748, 0.33839911626877334, 0.5210346245007418, -0.032551023450426285, -0.32887826394556996, 0.0, 0.0]","[0.40320458400132364, 0.35376539516236327, 0.26849651691458704]","[0.65, 0.2, 0.5, 1.0, 0.0, 0.0, 0.0]","[ 1.0110853   2.7194798   0.6823663   1.1981226   4.0980535   0.37629047
 -2.8808599   4.8933787 ]"
1745327403.5121143,"[0.2741114297515549, 0.708644393956814, 0.5762051958298847, 0.24338612709300955, 0.7642020924506061, 0.5268757870346863, -0.45986313333945006, -0.03462452670559287, -0.03462452670559287]","[0.3377943187563083, 0.49774911550513407, -0.4905856362419015, 0.36125722465030224, 0.5505584486128297, -0.04082387099634728, -0.3395751808926616, 0.0, 0.0]","[0.40320458400132364, 0.35376539516236327, 0.26849651691458704]","[0.65, 0.2, 0.5, 1.0, 0.0, 0.0, 0.0]","[ 1.0215544  2.7360008  0.6600719  1.1970195  4.0594454  0.3767341
 -2.9060516  4.888853 ]"
1745327403.5221303,"[0.2741114297515549, 0.708644393956814, 0.5762051958298847, 0.24338612709300955, 0.7642020924506061, 0.5268757870346863, -0.45986313333945006, -0.03462452670559287, -0.03462452670559287]","[0.3377943187563083, 0.49774911550513407, -0.4905856362419015, 0.36125722465030224, 0.5505584486128297, -0.04082387099634728, -0.3395751808926616, 0.0, 0.0]","[0.40320458400132364, 0.35376539516236327, 0.26849651691458704]","[0.65, 0.2, 0.5, 1.0, 0.0, 0.0, 0.0]","[ 1.0413532   2.7371824   0.664839    1.2087443   4.000262    0.32963094
 -2.7854097   4.8847466 ]"
1745327403.5321002,"[0.2741114297515549, 0.708644393956814, 0.5762051958298847, 0.24338612709300955, 0.7642020924506061, 0.5268757870346863, -0.45986313333945006, -0.03462452670559287, -0.03462452670559287]","[0.3377943187563083, 0.49774911550513407, -0.4905856362419015, 0.36125722465030224, 0.5505584486128297, -0.04082387099634728, -0.3395751808926616, 0.0, 0.0]","[0.40320458400132364, 0.35376539516236327, 0.26849651691458704]","[0.65, 0.2, 0.5, 1.0, 0.0, 0.0, 0.0]","[ 1.0671854   2.7436283   0.6533614   1.2081342   3.9972677   0.34419292
 -2.7670321   4.8835773 ]"
1745327403.5423183,"[0.28607049694616066, 0.7253107065985975, 0.5597625799200666, 0.2549500971779852, 0.7808706203798669, 0.5250970551657974, -0.4711000773210341, -0.03462452670559287, -0.03462452670559287]","[0.3707413436845873, 0.4959813065954221, -0.4994348496158425, 0.3576212615575471, 0.5181605155649637, -0.05665493390756279, -0.34136825503213786, 0.0, 0.0]","[0.40320458400132364, 0.35376539516236327, 0.26849651691458704]","[0.65, 0.2, 0.5, 1.0, 0.0, 0.0, 0.0]","[ 1.0691051   2.7371163   0.663849    1.2076542   4.0074067   0.34471563
 -2.7549412   4.878505  ]"
1745327403.5521288,"[0.28607049694616066, 0.7253107065985975, 0.5597625799200666, 0.2549500971779852, 0.7808706203798669, 0.5250970551657974, -0.4711000773210341, -0.03462452670559287, -0.03462452670559287]","[0.3707413436845873, 0.4959813065954221, -0.4994348496158425, 0.3576212615575471, 0.5181605155649637, -0.05665493390756279, -0.34136825503213786, 0.0, 0.0]","[0.40320458400132364, 0.35376539516236327, 0.26849651691458704]","[0.65, 0.2, 0.5, 1.0, 0.0, 0.0, 0.0]","[ 1.083929    2.7389758   0.65825033  1.2194517   3.9404683   0.27828524
 -2.644892    4.868031  ]"
1745327403.5622196,"[0.28607049694616066, 0.7253107065985975, 0.5597625799200666, 0.2549500971779852, 0.7808706203798669, 0.5250970551657974, -0.4711000773210341, -0.03462452670559287, -0.03462452670559287]","[0.3707413436845873, 0.4959813065954221, -0.4994348496158425, 0.3576212615575471, 0.5181605155649637, -0.05665493390756279, -0.34136825503213786, 0.0, 0.0]","[0.40320458400132364, 0.35376539516236327, 0.26849651691458704]","[0.65, 0.2, 0.5, 1.0, 0.0, 0.0, 0.0]","[ 1.1167883  2.749347   0.6483861  1.2189273  3.9393735  0.3017719
 -2.6308758  4.8698964]"
1745327403.572119,"[0.2987305118273236, 0.7418572649596143, 0.5432107444239844, 0.2674492643098323, 0.7973758841426413, 0.5230078742604993, -0.48247462168425276, -0.03462452670559287, -0.03462452670559287]","[0.39984011877442277, 0.510237084234016, -0.4905153558440549, 0.3848126232216648, 0.5161879392238535, -0.07925634361862845, -0.35029074664541915, 0.0, 0.0]","[0.40320458400132364, 0.35376539516236327, 0.26849651691458704]","[0.65, 0.2, 0.5, 1.0, 0.0, 0.0, 0.0]","[ 1.1157756   2.7402785   0.6602793   1.2185892   3.9536557   0.29957795
 -2.6173909   4.864456  ]"
1745327403.5820544,"[0.2987305118273236, 0.7418572649596143, 0.5432107444239844, 0.2674492643098323, 0.7973758841426413, 0.5230078742604993, -0.48247462168425276, -0.03462452670559287, -0.03462452670559287]","[0.39984011877442277, 0.510237084234016, -0.4905153558440549, 0.3848126232216648, 0.5161879392238535, -0.07925634361862845, -0.35029074664541915, 0.0, 0.0]","[0.40320458400132364, 0.35376539516236327, 0.26849651691458704]","[0.65, 0.2, 0.5, 1.0, 0.0, 0.0, 0.0]","[ 1.1174862   2.7434719   0.6533918   1.2306892   3.8742535   0.23310766
 -2.5061681   4.8424096 ]"
1745327403.5921195,"[0.2987305118273236, 0.7418572649596143, 0.5432107444239844, 0.2674492643098323, 0.7973758841426413, 0.5230078742604993, -0.48247462168425276, -0.03462452670559287, -0.03462452670559287]","[0.39984011877442277, 0.510237084234016, -0.4905153558440549, 0.3848126232216648, 0.5161879392238535, -0.07925634361862845, -0.35029074664541915, 0.0, 0.0]","[0.40320458400132364, 0.35376539516236327, 0.26849651691458704]","[0.65, 0.2, 0.5, 1.0, 0.0, 0.0, 0.0]","[ 1.1507298   2.7565908   0.6394547   1.230171    3.8675027   0.25483996
 -2.4907098   4.8482604 ]"
1745327403.6020947,"[0.2987305118273236, 0.7418572649596143, 0.5432107444239844, 0.2674492643098323, 0.7973758841426413, 0.5230078742604993, -0.48247462168425276, -0.03462452670559287, -0.03462452670559287]","[0.39984011877442277, 0.510237084234016, -0.4905153558440549, 0.3848126232216648, 0.5161879392238535, -0.07925634361862845, -0.35029074664541915, 0.0, 0.0]","[0.40320458400132364, 0.35376539516236327, 0.26849651691458704]","[0.65, 0.2, 0.5, 1.0, 0.0, 0.0, 0.0]","[ 1.1502242  2.7466338  0.6518468  1.2297304  3.8840103  0.2533083
 -2.4755645  4.844197 ]"
1745327403.612171,"[0.3130429305812498, 0.7588842813874352, 0.5266933682863506, 0.28030914681510843, 0.8147018122846361, 0.5199599779724888, -0.4945133701351015, -0.018904912248253823, -0.018904912248253823]","[0.4274214587475271, 0.4967359447183078, -0.4931200398392173, 0.38247535987463066, 0.48788448711761445, -0.0972639221537176, -0.35592853473000674, 0.40382869971365604, 0.40382869971365604]","[0.40320458400132364, 0.35376539516236327, 0.26849651691458704]","[0.65, 0.2, 0.5, 1.0, 0.0, 0.0, 0.0]","[ 1.150558    2.7487533   0.64842194  1.2295346   3.8760948   0.25156942
 -2.4796321   4.8402386 ]"
1745327403.622091,"[0.3130429305812498, 0.7588842813874352, 0.5266933682863506, 0.28030914681510843, 0.8147018122846361, 0.5199599779724888, -0.4945133701351015, -0.018904912248253823, -0.018904912248253823]","[0.4274214587475271, 0.4967359447183078, -0.4931200398392173, 0.38247535987463066, 0.48788448711761445, -0.0972639221537176, -0.35592853473000674, 0.40382869971365604, 0.40382869971365604]","[0.40320458400132364, 0.35376539516236327, 0.26849651691458704]","[0.65, 0.2, 0.5, 1.0, 0.0, 0.0, 0.0]","[ 1.2068998  3.093908   0.898316   1.1843302  3.7646294  1.087701
 -2.8065782  4.8095345]"
1745327403.6320953,"[0.3130429305812498, 0.7588842813874352, 0.5266933682863506, 0.28030914681510843, 0.8147018122846361, 0.5199599779724888, -0.4945133701351015, -0.018904912248253823, -0.018904912248253823]","[0.4274214587475271, 0.4967359447183078, -0.4931200398392173, 0.38247535987463066, 0.48788448711761445, -0.0972639221537176, -0.35592853473000674, 0.0, 0.0]","[0.40320458400132364, 0.35376539516236327, 0.26849651691458704]","[0.65, 0.2, 0.5, 1.0, 0.0, 0.0, 0.0]","[ 0.9306572   2.9282696   0.80682135  1.2269933   3.8195643   0.79154634
 -2.7061472   4.857416  ]"
1745327403.6421466,"[0.3272795445616573, 0.7754462972455516, 0.5107006172146268, 0.2935684933021987, 0.8313050175965003, 0.5163060109575461, -0.5064229892804781, -0.018904912248253823, -0.018904912248253823]","[0.43587506384997204, 0.49850144537472413, -0.45084354769328405, 0.40083992210343133, 0.48353267319085835, -0.11394170461144586, -0.36044112562395403, 0.0, 0.0]","[0.40320458400132364, 0.35376539516236327, 0.26849651691458704]","[0.65, 0.2, 0.5, 1.0, 0.0, 0.0, 0.0]","[ 0.85527414  2.650122    0.45653403  1.2449673   3.6318297  -0.1829721
 -2.11738     4.767327  ]"
1745327403.652073,"[0.3272795445616573, 0.7754462972455516, 0.5107006172146268, 0.2935684933021987, 0.8313050175965003, 0.5163060109575461, -0.5064229892804781, -0.018904912248253823, -0.018904912248253823]","[0.43587506384997204, 0.49850144537472413, -0.45084354769328405, 0.40083992210343133, 0.48353267319085835, -0.11394170461144586, -0.36044112562395403, 0.0, 0.0]","[0.40320458400132364, 0.35376539516236327, 0.26849651691458704]","[0.65, 0.2, 0.5, 1.0, 0.0, 0.0, 0.0]","[ 1.2661111   2.8224986   0.5176877   1.236648    3.4756746   0.14387256
 -2.0660012   4.7523    ]"
1745327403.6635766,"[0.3272795445616573, 0.7754462972455516, 0.5107006172146268, 0.2935684933021987, 0.8313050175965003, 0.5163060109575461, -0.5064229892804781, -0.018904912248253823, -0.018904912248253823]","[0.43587506384997204, 0.49850144537472413, -0.45084354769328405, 0.40083992210343133, 0.48353267319085835, -0.11394170461144586, -0.36044112562395403, 0.0, 0.0]","[0.40320458400132364, 0.35376539516236327, 0.26849651691458704]","[0.65, 0.2, 0.5, 1.0, 0.0, 0.0, 0.0]","[ 1.2094628   2.7129347   0.5852914   1.2396438   3.6362007   0.08176151
 -1.8852409   4.665672  ]"
1745327403.6722114,"[0.3415030804268098, 0.7919959946565582, 0.49619670192251597, 0.3068393739118256, 0.8483519859268892, 0.512139646987789, -0.5185020577060045, -0.018904912248253823, -0.018904912248253823]","[0.4281729204648052, 0.5078032239824241, -0.45146810108034613, 0.40119913574748656, 0.49382056251448686, -0.13623242567857677, -0.3636417705338518, 0.0, 0.0]","[0.40320458400132364, 0.35376539516236327, 0.26849651691458704]","[0.65, 0.2, 0.5, 1.0, 0.0, 0.0, 0.0]","[ 1.2385417   2.7506306   0.5558173   1.2369826   3.545721    0.08399335
 -1.9430275   4.6472893 ]"
1745327403.6820784,"[0.3415030804268098, 0.7919959946565582, 0.49619670192251597, 0.3068393739118256, 0.8483519859268892, 0.512139646987789, -0.5185020577060045, -0.018904912248253823, -0.018904912248253823]","[0.4281729204648052, 0.5078032239824241, -0.45146810108034613, 0.40119913574748656, 0.49382056251448686, -0.13623242567857677, -0.3636417705338518, 0.0, 0.0]","[0.40320458400132364, 0.35376539516236327, 0.26849651691458704]","[0.65, 0.2, 0.5, 1.0, 0.0, 0.0, 0.0]","[ 1.2342647   2.742899    0.5716857   1.2505993   3.509409    0.02352703
 -1.7825509   4.6267295 ]"
1745327403.6921763,"[0.3415030804268098, 0.7919959946565582, 0.49619670192251597, 0.3068393739118256, 0.8483519859268892, 0.512139646987789, -0.5185020577060045, -0.018904912248253823, -0.018904912248253823]","[0.4281729204648052, 0.5078032239824241, -0.45146810108034613, 0.40119913574748656, 0.49382056251448686, -0.13623242567857677, -0.3636417705338518, 0.0, 0.0]","[0.40320458400132364, 0.35376539516236327, 0.26849651691458704]","[0.65, 0.2, 0.5, 1.0, 0.0, 0.0, 0.0]","[ 1.2623218   2.760035    0.54868215  1.2488399   3.4882355   0.03475532
 -1.7823999   4.6355653 ]"
1745327403.7021255,"[0.3415030804268098, 0.7919959946565582, 0.49619670192251597, 0.3068393739118256, 0.8483519859268892, 0.512139646987789, -0.5185020577060045, -0.018904912248253823, -0.018904912248253823]","[0.4281729204648052, 0.5078032239824241, -0.45146810108034613, 0.40119913574748656, 0.49382056251448686, -0.13623242567857677, -0.3636417705338518, 0.0, 0.0]","[0.40320458400132364, 0.35376539516236327, 0.26849651691458704]","[0.65, 0.2, 0.5, 1.0, 0.0, 0.0, 0.0]","[ 1.2641782   2.750333    0.56203127  1.2480725   3.507834    0.03726131
 -1.7677231   4.6350365 ]"
1745327403.7123227,"[0.3561346689240946, 0.8083860314605905, 0.48150859600575213, 0.3208096627629491, 0.8645824433806781, 0.5070618316916371, -0.5303474118662523, -0.018904912248253823, -0.018904912248253823]","[0.4612616121468386, 0.49809138533773656, -0.4411418415453178, 0.4314326737530109, 0.5037620050143082, -0.15748797617137905, -0.3490552464546649, 0.0, 0.0]","[0.40320458400132364, 0.35376539516236327, 0.26849651691458704]","[0.65, 0.2, 0.5, 1.0, 0.0, 0.0, 0.0]","[ 1.2625552   2.7510903   0.5591386   1.2482024   3.5013614   0.03440714
 -1.7713728   4.630189  ]"
1745327403.7221084,"[0.3561346689240946, 0.8083860314605905, 0.48150859600575213, 0.3208096627629491, 0.8645824433806781, 0.5070618316916371, -0.5303474118662523, -0.018904912248253823, -0.018904912248253823]","[0.4612616121468386, 0.49809138533773656, -0.4411418415453178, 0.4314326737530109, 0.5037620050143082, -0.15748797617137905, -0.3490552464546649, 0.0, 0.0]","[0.40320458400132364, 0.35376539516236327, 0.26849651691458704]","[0.65, 0.2, 0.5, 1.0, 0.0, 0.0, 0.0]","[ 1.2256893e+00  2.7670553e+00  5.1413727e-01  1.2538909e+00
  3.3904276e+00 -3.4814179e-03 -1.6828814e+00  4.6336241e+00]"
1745327403.7321603,"[0.3561346689240946, 0.8083860314605905, 0.48150859600575213, 0.3208096627629491, 0.8645824433806781, 0.5070618316916371, -0.5303474118662523, -0.018904912248253823, -0.018904912248253823]","[0.4612616121468386, 0.49809138533773656, -0.4411418415453178, 0.4314326737530109, 0.5037620050143082, -0.15748797617137905, -0.3490552464546649, 0.0, 0.0]","[0.40320458400132364, 0.35376539516236327, 0.26849651691458704]","[0.65, 0.2, 0.5, 1.0, 0.0, 0.0, 0.0]","[ 1.2377199e+00  2.7725956e+00  5.0574714e-01  1.2486951e+00
  3.3722134e+00  3.1378269e-03 -1.6514810e+00  4.6491866e+00]"
1745327403.7421584,"[0.37187096730044855, 0.8253893139830313, 0.46606297646568695, 0.3350906163274616, 0.881500738171419, 0.5014239601126369, -0.542040064434453, -0.018904912248253823, -0.018904912248253823]","[0.4655020295634629, 0.4974238993508606, -0.46279675595500863, 0.43602237869834004, 0.533096685662316, -0.1811289252759541, -0.3310541049582688, 0.0, 0.0]","[0.40320458400132364, 0.35376539516236327, 0.26849651691458704]","[0.65, 0.2, 0.5, 1.0, 0.0, 0.0, 0.0]","[ 1.2350560e+00  2.7649415e+00  5.0923187e-01  1.2467109e+00
  3.3726878e+00  3.4773350e-04 -1.6354661e+00  4.6436434e+00]"
1745327403.752137,"[0.37187096730044855, 0.8253893139830313, 0.46606297646568695, 0.3350906163274616, 0.881500738171419, 0.5014239601126369, -0.542040064434453, -0.018904912248253823, -0.018904912248253823]","[0.4655020295634629, 0.4974238993508606, -0.46279675595500863, 0.43602237869834004, 0.533096685662316, -0.1811289252759541, -0.3310541049582688, 0.0, 0.0]","[0.40320458400132364, 0.35376539516236327, 0.26849651691458704]","[0.65, 0.2, 0.5, 1.0, 0.0, 0.0, 0.0]","[ 1.20788     2.763211    0.50039804  1.2511324   3.2818258  -0.06875205
 -1.516112    4.612101  ]"
1745327403.7621448,"[0.37187096730044855, 0.8253893139830313, 0.46606297646568695, 0.3350906163274616, 0.881500738171419, 0.5014239601126369, -0.542040064434453, -0.018904912248253823, -0.018904912248253823]","[0.4655020295634629, 0.4974238993508606, -0.46279675595500863, 0.43602237869834004, 0.533096685662316, -0.1811289252759541, -0.3310541049582688, 0.0, 0.0]","[0.40320458400132364, 0.35376539516236327, 0.26849651691458704]","[0.65, 0.2, 0.5, 1.0, 0.0, 0.0, 0.0]","[ 1.2324139   2.7824905   0.48608023  1.245474    3.2513537  -0.05226794
 -1.5028996   4.616837  ]"
1745327403.7721484,"[0.38765191478297994, 0.8415164320631408, 0.45109101777113353, 0.3497349294898342, 0.897628956676304, 0.4944972483476171, -0.5524798556921698, -0.005981382876634599, -0.005981382876634599]","[0.484983651506749, 0.4866106398239665, -0.4575150215366742, 0.4358864746869425, 0.5055955768344279, -0.23612546753864697, -0.3034032659161758, 0.3511621467010526, 0.3511621467010526]","[0.40320458400132364, 0.35376539516236327, 0.26849651691458704]","[0.65, 0.2, 0.5, 1.0, 0.0, 0.0, 0.0]","[ 1.2291688   2.7712238   0.49361748  1.2429826   3.2616572  -0.0540382
 -1.4848285   4.6118546 ]"
1745327403.7820613,"[0.38765191478297994, 0.8415164320631408, 0.45109101777113353, 0.3497349294898342, 0.897628956676304, 0.4944972483476171, -0.5524798556921698, -0.005981382876634599, -0.005981382876634599]","[0.484983651506749, 0.4866106398239665, -0.4575150215366742, 0.4358864746869425, 0.5055955768344279, -0.23612546753864697, -0.3034032659161758, 0.3511621467010526, 0.3511621467010526]","[0.40320458400132364, 0.35376539516236327, 0.26849651691458704]","[0.65, 0.2, 0.5, 1.0, 0.0, 0.0, 0.0]","[ 1.2953469   3.0601127   0.71289825  1.1545892   3.1571121   0.6526172
 -1.7698718   4.6042457 ]"
1745327403.7920785,"[0.38765191478297994, 0.8415164320631408, 0.45109101777113353, 0.3497349294898342, 0.897628956676304, 0.4944972483476171, -0.5524798556921698, -0.005981382876634599, -0.005981382876634599]","[0.484983651506749, 0.4866106398239665, -0.4575150215366742, 0.4358864746869425, 0.5055955768344279, -0.23612546753864697, -0.3034032659161758, 0.3511621467010526, 0.3511621467010526]","[0.40320458400132364, 0.35376539516236327, 0.26849651691458704]","[0.65, 0.2, 0.5, 1.0, 0.0, 0.0, 0.0]","[ 1.011915    2.9031966   0.60367405  1.1873239   3.1158814   0.43705618
 -1.6236023   4.526402  ]"
1745327403.8021264,"[0.38765191478297994, 0.8415164320631408, 0.45109101777113353, 0.3497349294898342, 0.897628956676304, 0.4944972483476171, -0.5524798556921698, -0.005981382876634599, -0.005981382876634599]","[0.484983651506749, 0.4866106398239665, -0.4575150215366742, 0.4358864746869425, 0.5055955768344279, -0.23612546753864697, -0.3034032659161758, 0.3511621467010526, 0.3511621467010526]","[0.40320458400132364, 0.35376539516236327, 0.26849651691458704]","[0.65, 0.2, 0.5, 1.0, 0.0, 0.0, 0.0]","[ 1.0770658   2.98436     0.5770692   1.1645861   2.959496    0.45296714
 -1.6428182   4.5730886 ]"
1745327403.812204,"[0.4035592972113322, 0.8583300244881762, 0.43556183879485555, 0.36455936914519294, 0.9143599900655334, 0.4863515012869586, -0.5622649838488225, -0.005981382876634599, -0.005981382876634599]","[0.45617310427438, 0.48434107486604344, -0.4251527388879722, 0.4512842751234583, 0.49199673632772345, -0.2265639509530868, -0.2787267445659598, 0.0, 0.0]","[0.40320458400132364, 0.35376539516236327, 0.26849651691458704]","[0.65, 0.2, 0.5, 1.0, 0.0, 0.0, 0.0]","[ 1.0667979   2.9541206   0.599989    1.1550106   2.9980452   0.46313336
 -1.588376    4.5399013 ]"
1745327403.8221707,"[0.4035592972113322, 0.8583300244881762, 0.43556183879485555, 0.36455936914519294, 0.9143599900655334, 0.4863515012869586, -0.5622649838488225, -0.005981382876634599, -0.005981382876634599]","[0.45617310427438, 0.48434107486604344, -0.4251527388879722, 0.4512842751234583, 0.49199673632772345, -0.2265639509530868, -0.2787267445659598, 0.0, 0.0]","[0.40320458400132364, 0.35376539516236327, 0.26849651691458704]","[0.65, 0.2, 0.5, 1.0, 0.0, 0.0, 0.0]","[ 0.8028664   2.6302876   0.271963    1.2075866   2.7318463  -0.4536971
 -0.97415984  4.350333  ]"
1745327403.8321776,"[0.4035592972113322, 0.8583300244881762, 0.43556183879485555, 0.36455936914519294, 0.9143599900655334, 0.4863515012869586, -0.5622649838488225, -0.005981382876634599, -0.005981382876634599]","[0.45617310427438, 0.48434107486604344, -0.4251527388879722, 0.4512842751234583, 0.49199673632772345, -0.2265639509530868, -0.2787267445659598, 0.0, 0.0]","[0.40320458400132364, 0.35376539516236327, 0.26849651691458704]","[0.65, 0.2, 0.5, 1.0, 0.0, 0.0, 0.0]","[ 1.1782192   2.8724952   0.39213556  1.1543368   2.5740666  -0.19776475
 -1.0810559   4.421574  ]"
1745327403.8421302,"[0.4182807368082946, 0.8747059191183439, 0.4220896225074093, 0.37933525536869883, 0.9306837483195706, 0.47887234833838166, -0.5711905961184587, -0.005981382876634599, -0.005981382876634599]","[0.4173103513298631, 0.5051172210935518, -0.40799435932249584, 0.42421228638319475, 0.45637271124666806, -0.24350106744865976, -0.2612851942284773, 0.0, 0.0]","[0.40320458400132364, 0.35376539516236327, 0.26849651691458704]","[0.65, 0.2, 0.5, 1.0, 0.0, 0.0, 0.0]","[ 1.0883299   2.749448    0.40377223  1.1538128   2.749939   -0.21838191
 -0.9867811   4.3201337 ]"
1745327403.8523962,"[0.4182807368082946, 0.8747059191183439, 0.4220896225074093, 0.37933525536869883, 0.9306837483195706, 0.47887234833838166, -0.5711905961184587, -0.005981382876634599, -0.005981382876634599]","[0.4173103513298631, 0.5051172210935518, -0.40799435932249584, 0.42421228638319475, 0.45637271124666806, -0.24350106744865976, -0.2612851942284773, 0.0, 0.0]","[0.40320458400132364, 0.35376539516236327, 0.26849651691458704]","[0.65, 0.2, 0.5, 1.0, 0.0, 0.0, 0.0]","[ 1.0729625  2.7715294  0.4065734  1.1548564  2.5904398 -0.3155965
 -0.9110338  4.281183 ]"
1745327403.8637037,"[0.4182807368082946, 0.8747059191183439, 0.4220896225074093, 0.37933525536869883, 0.9306837483195706, 0.47887234833838166, -0.5711905961184587, -0.005981382876634599, -0.005981382876634599]","[0.4173103513298631, 0.5051172210935518, -0.40799435932249584, 0.42421228638319475, 0.45637271124666806, -0.24350106744865976, -0.2612851942284773, 0.0, 0.0]","[0.40320458400132364, 0.35376539516236327, 0.26849651691458704]","[0.65, 0.2, 0.5, 1.0, 0.0, 0.0, 0.0]","[ 1.0968455   2.7949622   0.40011603  1.1430751   2.5689492  -0.28884462
 -0.90145105  4.2741146 ]"
1745327403.8721175,"[0.4318713143609135, 0.8907786291960138, 0.40832762164221914, 0.39364557618123763, 0.9464960120786154, 0.4699808354996904, -0.5791607701413197, -0.005981382876634599, -0.005981382876634599]","[0.40918264837374385, 0.48035310311207735, -0.4106677709793752, 0.4379906607242906, 0.4530861838897064, -0.2760285179850549, -0.24015627220092745, 0.0, 0.0]","[0.40320458400132364, 0.35376539516236327, 0.26849651691458704]","[0.65, 0.2, 0.5, 1.0, 0.0, 0.0, 0.0]","[ 1.0884597   2.781722    0.4035797   1.1400797   2.5736341  -0.29220912
 -0.8871862   4.2648125 ]"
1745327403.8820817,"[0.4318713143609135, 0.8907786291960138, 0.40832762164221914, 0.39364557618123763, 0.9464960120786154, 0.4699808354996904, -0.5791607701413197, -0.005981382876634599, -0.005981382876634599]","[0.40918264837374385, 0.48035310311207735, -0.4106677709793752, 0.4379906607242906, 0.4530861838897064, -0.2760285179850549, -0.24015627220092745, 0.0, 0.0]","[0.40320458400132364, 0.35376539516236327, 0.26849651691458704]","[0.65, 0.2, 0.5, 1.0, 0.0, 0.0, 0.0]","[ 1.0446559   2.7823832   0.37942928  1.1270483   2.4544358  -0.34149894
 -0.81672543  4.2306986 ]"
1745327403.8921585,"[0.4318713143609135, 0.8907786291960138, 0.40832762164221914, 0.39364557618123763, 0.9464960120786154, 0.4699808354996904, -0.5791607701413197, -0.005981382876634599, -0.005981382876634599]","[0.40918264837374385, 0.48035310311207735, -0.4106677709793752, 0.4379906607242906, 0.4530861838897064, -0.2760285179850549, -0.24015627220092745, 0.0, 0.0]","[0.40320458400132364, 0.35376539516236327, 0.26849651691458704]","[0.65, 0.2, 0.5, 1.0, 0.0, 0.0, 0.0]","[ 1.0488614   2.791324    0.37938273  1.1124922   2.404915   -0.3325388
 -0.7922876   4.2126374 ]"
1745327403.9021504,"[0.4318713143609135, 0.8907786291960138, 0.40832762164221914, 0.39364557618123763, 0.9464960120786154, 0.4699808354996904, -0.5791607701413197, -0.005981382876634599, -0.005981382876634599]","[0.40918264837374385, 0.48035310311207735, -0.4106677709793752, 0.4379906607242906, 0.4530861838897064, -0.2760285179850549, -0.24015627220092745, 0.0, 0.0]","[0.40320458400132364, 0.35376539516236327, 0.26849651691458704]","[0.65, 0.2, 0.5, 1.0, 0.0, 0.0, 0.0]","[ 1.0392653   2.784831    0.37982136  1.1061767   2.3861783  -0.33350882
 -0.77150524  4.1914144 ]"
1745327403.9121408,"[0.4454055747902011, 0.9073879101728229, 0.39420467238028356, 0.4079386300685246, 0.9629526780148459, 0.4607065310244107, -0.5864060374040378, -0.005981382876634599, -0.005981382876634599]","[0.37454325759815743, 0.47631505445425265, -0.42572120133442626, 0.3976463536576965, 0.48411426965940807, -0.2783576665015759, -0.20237501777964043, 0.0, 0.0]","[0.40320458400132364, 0.35376539516236327, 0.26849651691458704]","[0.65, 0.2, 0.5, 1.0, 0.0, 0.0, 0.0]","[ 1.0368525   2.7866485   0.37895203  1.1032056   2.3665376  -0.33422425
 -0.7622366   4.1808124 ]"
1745327403.9221265,"[0.4454055747902011, 0.9073879101728229, 0.39420467238028356, 0.4079386300685246, 0.9629526780148459, 0.4607065310244107, -0.5864060374040378, -0.005981382876634599, -0.005981382876634599]","[0.37454325759815743, 0.47631505445425265, -0.42572120133442626, 0.3976463536576965, 0.48411426965940807, -0.2783576665015759, -0.20237501777964043, 0.0, 0.0]","[0.40320458400132364, 0.35376539516236327, 0.26849651691458704]","[0.65, 0.2, 0.5, 1.0, 0.0, 0.0, 0.0]","[ 1.0215682   2.7560546   0.41509014  1.0870795   2.30836    -0.4189163
 -0.6521036   4.1147747 ]"
1745327403.9321868,"[0.4454055747902011, 0.9073879101728229, 0.39420467238028356, 0.4079386300685246, 0.9629526780148459, 0.4607065310244107, -0.5864060374040378, -0.005981382876634599, -0.005981382876634599]","[0.37454325759815743, 0.47631505445425265, -0.42572120133442626, 0.3976463536576965, 0.48411426965940807, -0.2783576665015759, -0.20237501777964043, 0.0, 0.0]","[0.40320458400132364, 0.35376539516236327, 0.26849651691458704]","[0.65, 0.2, 0.5, 1.0, 0.0, 0.0, 0.0]","[ 1.0446227   2.7828166   0.4111293   1.0811244   2.2615666  -0.39812756
 -0.6455824   4.086642  ]"
1745327403.942291,"[0.4567796735870692, 0.9231468755429572, 0.3800826399808647, 0.4211914556551868, 0.9772244204039056, 0.4502623608223222, -0.5925317745782649, -0.005981382876634599, -0.005981382876634599]","[0.3292817493942539, 0.48547190244961325, -0.4202346652078352, 0.3971073706597206, 0.4343493544191934, -0.33653183801981557, -0.17590154874864963, 0.0, 0.0]","[0.40320458400132364, 0.35376539516236327, 0.26849651691458704]","[0.65, 0.2, 0.5, 1.0, 0.0, 0.0, 0.0]","[ 1.0379227   2.7751868   0.41287035  1.0767254   2.2628808  -0.39709136
 -0.63198906  4.0755644 ]"
1745327403.9521742,"[0.4567796735870692, 0.9231468755429572, 0.3800826399808647, 0.4211914556551868, 0.9772244204039056, 0.4502623608223222, -0.5925317745782649, -0.0014618755877017983, -0.0014618755877017983]","[0.3292817493942539, 0.48547190244961325, -0.4202346652078352, 0.3971073706597206, 0.4343493544191934, -0.33653183801981557, -0.17590154874864963, 0.12491147216487415, 0.12491147216487415]","[0.40320458400132364, 0.35376539516236327, 0.26849651691458704]","[0.65, 0.2, 0.5, 1.0, 0.0, 0.0, 0.0]","[ 1.0022794   2.7504423   0.43228316  1.0642893   2.1734776  -0.48624814
 -0.52423     4.0002527 ]"
1745327403.9621122,"[0.4567796735870692, 0.9231468755429572, 0.3800826399808647, 0.4211914556551868, 0.9772244204039056, 0.4502623608223222, -0.5925317745782649, -0.0014618755877017983, -0.0014618755877017983]","[0.3292817493942539, 0.48547190244961325, -0.4202346652078352, 0.3971073706597206, 0.4343493544191934, -0.33653183801981557, -0.17590154874864963, 0.12491147216487415, 0.12491147216487415]","[0.40320458400132364, 0.35376539516236327, 0.26849651691458704]","[0.65, 0.2, 0.5, 1.0, 0.0, 0.0, 0.0]","[ 1.0955799   2.8514647   0.54908204  1.0305638   2.1402528  -0.20546603
 -0.6187084   3.9275985 ]"
1745327403.972114,"[0.466862337252686, 0.9390275585454244, 0.3660970093188863, 0.43324853611057224, 0.989758174574624, 0.43994978271219987, -0.5975471978853374, -0.0014618755877017983, -0.0014618755877017983]","[0.2774440311144297, 0.482953336241321, -0.42392004688073365, 0.3470917978993975, 0.3479868700340003, -0.305418211098974, -0.15229561883732462, 0.12491147216487415, 0.12491147216487415]","[0.40320458400132364, 0.35376539516236327, 0.26849651691458704]","[0.65, 0.2, 0.5, 1.0, 0.0, 0.0, 0.0]","[ 0.9722809   2.7980635   0.49190432  1.0337162   2.1071172  -0.2546715
 -0.5506147   3.8379726 ]"
1745327403.982147,"[0.466862337252686, 0.9390275585454244, 0.3660970093188863, 0.43324853611057224, 0.989758174574624, 0.43994978271219987, -0.5975471978853374, -0.0014618755877017983, -0.0014618755877017983]","[0.2774440311144297, 0.482953336241321, -0.42392004688073365, 0.3470917978993975, 0.3479868700340003, -0.305418211098974, -0.15229561883732462, 0.12491147216487415, 0.12491147216487415]","[0.40320458400132364, 0.35376539516236327, 0.26849651691458704]","[0.65, 0.2, 0.5, 1.0, 0.0, 0.0, 0.0]","[ 1.0040979   2.7929292   0.53760344  1.015237    2.0044258  -0.328868
 -0.4614738   3.7789884 ]"
1745327403.992242,"[0.466862337252686, 0.9390275585454244, 0.3660970093188863, 0.43324853611057224, 0.989758174574624, 0.43994978271219987, -0.5975471978853374, -0.0014618755877017983, -0.0014618755877017983]","[0.2774440311144297, 0.482953336241321, -0.42392004688073365, 0.3470917978993975, 0.3479868700340003, -0.305418211098974, -0.15229561883732462, 0.0, 0.0]","[0.40320458400132364, 0.35376539516236327, 0.26849651691458704]","[0.65, 0.2, 0.5, 1.0, 0.0, 0.0, 0.0]","[ 1.0218827   2.8039377   0.54271394  1.0068253   1.9861282  -0.3002301
 -0.44262967  3.7305992 ]"
1745327404.0020685,"[0.466862337252686, 0.9390275585454244, 0.3660970093188863, 0.43324853611057224, 0.989758174574624, 0.43994978271219987, -0.5975471978853374, -0.0014618755877017983, -0.0014618755877017983]","[0.2774440311144297, 0.482953336241321, -0.42392004688073365, 0.3470917978993975, 0.3479868700340003, -0.305418211098974, -0.15229561883732462, 0.0, 0.0]","[0.40320458400132364, 0.35376539516236327, 0.26849651691458704]","[0.65, 0.2, 0.5, 1.0, 0.0, 0.0, 0.0]","[ 0.90925604  2.7154095   0.41585582  1.0180182   1.914481   -0.59403265
 -0.30359092  3.744092  ]"
1745327404.0121214,"[0.47481781945361407, 0.9554993175959418, 0.35230561664980364, 0.44464083298958146, 1.0014371658732963, 0.42867243640990216, -0.6019768188482673, -0.0014618755877017983, -0.0014618755877017983]","[0.2001928880783545, 0.48517239195439954, -0.39019897917754764, 0.3242949391498044, 0.29736590748266106, -0.33915207820016524, -0.11178326365761768, 0.0, 0.0]","[0.40320458400132364, 0.35376539516236327, 0.26849651691458704]","[0.65, 0.2, 0.5, 1.0, 0.0, 0.0, 0.0]","[ 1.0333222   2.7696602   0.4802255   1.0040141   1.898218   -0.54487014
 -0.32828686  3.7757912 ]"
1745327404.0221188,"[0.47481781945361407, 0.9554993175959418, 0.35230561664980364, 0.44464083298958146, 1.0014371658732963, 0.42867243640990216, -0.6019768188482673, -0.0014618755877017983, -0.0014618755877017983]","[0.2001928880783545, 0.48517239195439954, -0.39019897917754764, 0.3242949391498044, 0.29736590748266106, -0.33915207820016524, -0.11178326365761768, 0.0, 0.0]","[0.40320458400132364, 0.35376539516236327, 0.26849651691458704]","[0.65, 0.2, 0.5, 1.0, 0.0, 0.0, 0.0]","[ 1.008119    2.7143815   0.53525394  0.989481    1.9179724  -0.6198305
 -0.21175769  3.6587968 ]"
1745327404.0321264,"[0.47481781945361407, 0.9554993175959418, 0.35230561664980364, 0.44464083298958146, 1.0014371658732963, 0.42867243640990216, -0.6019768188482673, -0.0014618755877017983, -0.0014618755877017983]","[0.2001928880783545, 0.48517239195439954, -0.39019897917754764, 0.3242949391498044, 0.29736590748266106, -0.33915207820016524, -0.11178326365761768, 0.0, 0.0]","[0.40320458400132364, 0.35376539516236327, 0.26849651691458704]","[0.65, 0.2, 0.5, 1.0, 0.0, 0.0, 0.0]","[ 1.0405308   2.7476928   0.52899474  0.99508715  1.8646727  -0.6063993
 -0.21719536  3.6394258 ]"
1745327404.042128,"[0.4802423534720055, 0.9713023824424905, 0.3400636242662206, 0.45444572317815624, 1.009086869634584, 0.4178808335830211, -0.6053906937772006, -0.0014618755877017983, -0.0014618755877017983]","[0.14123977634981247, 0.48348087087056885, -0.3582861361403094, 0.2747859086594101, 0.20959195644405892, -0.3416114123028034, -0.09270657306055397, 0.0, 0.0]","[0.40320458400132364, 0.35376539516236327, 0.26849651691458704]","[0.65, 0.2, 0.5, 1.0, 0.0, 0.0, 0.0]","[ 1.0383216   2.7419937   0.5321841   0.9909039   1.8814011  -0.6001564
 -0.21129546  3.633239  ]"
1745327404.0521057,"[0.4802423534720055, 0.9713023824424905, 0.3400636242662206, 0.45444572317815624, 1.009086869634584, 0.4178808335830211, -0.6053906937772006, -0.0014618755877017983, -0.0014618755877017983]","[0.14123977634981247, 0.48348087087056885, -0.3582861361403094, 0.2747859086594101, 0.20959195644405892, -0.3416114123028034, -0.09270657306055397, 0.0, 0.0]","[0.40320458400132364, 0.35376539516236327, 0.26849651691458704]","[0.65, 0.2, 0.5, 1.0, 0.0, 0.0, 0.0]","[ 1.0480164   2.7086918   0.5857092   0.9742467   1.8532561  -0.6747894
 -0.11864314  3.557163  ]"
1745327404.0636485,"[0.4802423534720055, 0.9713023824424905, 0.3400636242662206, 0.45444572317815624, 1.009086869634584, 0.4178808335830211, -0.6053906937772006, -0.0014618755877017983, -0.0014618755877017983]","[0.14123977634981247, 0.48348087087056885, -0.3582861361403094, 0.2747859086594101, 0.20959195644405892, -0.3416114123028034, -0.09270657306055397, 0.0, 0.0]","[0.40320458400132364, 0.35376539516236327, 0.26849651691458704]","[0.65, 0.2, 0.5, 1.0, 0.0, 0.0, 0.0]","[ 1.0729789   2.7295687   0.59003687  0.9746512   1.8270582  -0.65326357
 -0.11580954  3.5199466 ]"
1745327404.0721552,"[0.4840940984177237, 0.987340717759934, 0.32902454242721196, 0.4624447537417504, 1.0153022044131175, 0.4059370847435084, -0.6079219586527542, -0.0014618755877017983, -0.0014618755877017983]","[0.10461150663936417, 0.4772110441295644, -0.31206919246390336, 0.22503157072689062, 0.16902305902638312, -0.3406087154001957, -0.07009614902630507, 0.0, 0.0]","[0.40320458400132364, 0.35376539516236327, 0.26849651691458704]","[0.65, 0.2, 0.5, 1.0, 0.0, 0.0, 0.0]","[ 1.0681142   2.7261498   0.5889034   0.97267437  1.8300238  -0.6509578
 -0.11072675  3.5102932 ]"
1745327404.0822473,"[0.4840940984177237, 0.987340717759934, 0.32902454242721196, 0.4624447537417504, 1.0153022044131175, 0.4059370847435084, -0.6079219586527542, -0.0014618755877017983, -0.0014618755877017983]","[0.10461150663936417, 0.4772110441295644, -0.31206919246390336, 0.22503157072689062, 0.16902305902638312, -0.3406087154001957, -0.07009614902630507, 0.0, 0.0]","[0.40320458400132364, 0.35376539516236327, 0.26849651691458704]","[0.65, 0.2, 0.5, 1.0, 0.0, 0.0, 0.0]","[ 1.0648657   2.6885026   0.6391858   0.94705904  1.7815661  -0.70384943
 -0.01717535  3.417293  ]"
1745327404.0921266,"[0.4840940984177237, 0.987340717759934, 0.32902454242721196, 0.4624447537417504, 1.0153022044131175, 0.4059370847435084, -0.6079219586527542, -0.0014618755877017983, -0.0014618755877017983]","[0.10461150663936417, 0.4772110441295644, -0.31206919246390336, 0.22503157072689062, 0.16902305902638312, -0.3406087154001957, -0.07009614902630507, 0.0, 0.0]","[0.40320458400132364, 0.35376539516236327, 0.26849651691458704]","[0.65, 0.2, 0.5, 1.0, 0.0, 0.0, 0.0]","[ 1.0721153e+00  2.7029583e+00  6.4370352e-01  9.4187790e-01
  1.7320567e+00 -6.8724024e-01 -1.7258301e-03  3.3555410e+00]"
1745327404.1021092,"[0.4840940984177237, 0.987340717759934, 0.32902454242721196, 0.4624447537417504, 1.0153022044131175, 0.4059370847435084, -0.6079219586527542, -0.0014618755877017983, -0.0014618755877017983]","[0.10461150663936417, 0.4772110441295644, -0.31206919246390336, 0.22503157072689062, 0.16902305902638312, -0.3406087154001957, -0.07009614902630507, 0.0, 0.0]","[0.40320458400132364, 0.35376539516236327, 0.26849651691458704]","[0.65, 0.2, 0.5, 1.0, 0.0, 0.0, 0.0]","[ 1.0627103   2.7009623   0.6418852   0.9361875   1.7139267  -0.68413246
  0.00954636  3.3302326 ]"
1745327404.1121962,"[0.48688691801531025, 1.0039919899292422, 0.31945512467252035, 0.46962220915484476, 1.0199430133581129, 0.3944726743528131, -0.6099598974817084, -0.0014618755877017983, -0.0014618755877017983]","[0.06899240303358337, 0.49938509133269554, -0.2602012837965348, 0.19317687842221715, 0.1072537309906359, -0.35977602267600417, -0.05238300132023855, 0.0, 0.0]","[0.40320458400132364, 0.35376539516236327, 0.26849651691458704]","[0.65, 0.2, 0.5, 1.0, 0.0, 0.0, 0.0]","[ 1.0578935   2.7005997   0.6418428   0.93282115  1.6971486  -0.68421817
  0.01606777  3.317009  ]"
1745327404.1220949,"[0.48688691801531025, 1.0039919899292422, 0.31945512467252035, 0.46962220915484476, 1.0199430133581129, 0.3944726743528131, -0.6099598974817084, -0.0014618755877017983, -0.0014618755877017983]","[0.06899240303358337, 0.49938509133269554, -0.2602012837965348, 0.19317687842221715, 0.1072537309906359, -0.35977602267600417, -0.05238300132023855, 0.0, 0.0]","[0.40320458400132364, 0.35376539516236327, 0.26849651691458704]","[0.65, 0.2, 0.5, 1.0, 0.0, 0.0, 0.0]","[ 1.0233939   2.658078    0.690783    0.905457    1.6285294  -0.7395717
  0.12350496  3.1858277 ]"
1745327404.1321406,"[0.48688691801531025, 1.0039919899292422, 0.31945512467252035, 0.46962220915484476, 1.0199430133581129, 0.3944726743528131, -0.6099598974817084, -0.000506424307823182, -0.000506424307823182]","[0.06899240303358337, 0.49938509133269554, -0.2602012837965348, 0.19317687842221715, 0.1072537309906359, -0.35977602267600417, -0.05238300132023855, 0.02894221400290613, 0.02894221400290613]","[0.40320458400132364, 0.35376539516236327, 0.26849651691458704]","[0.65, 0.2, 0.5, 1.0, 0.0, 0.0, 0.0]","[ 1.0228535   2.6753194   0.69270205  0.89700615  1.5562164  -0.72636425
  0.1407493   3.104786  ]"
1745327404.1421502,"[0.4886511497288089, 1.0201463905231483, 0.31234696515072036, 0.4752395445450235, 1.022416753371545, 0.3831970035112837, -0.6112082905938641, -0.000506424307823182, -0.000506424307823182]","[0.04301446949886966, 0.49589897000045075, -0.17803005636535976, 0.1552334275781121, 0.053837140134087545, -0.32645920829166447, -0.02494613071483134, 0.02894221400290613, 0.02894221400290613]","[0.40320458400132364, 0.35376539516236327, 0.26849651691458704]","[0.65, 0.2, 0.5, 1.0, 0.0, 0.0, 0.0]","[ 1.0299429   2.6840959   0.7259504   0.88544846  1.5362132  -0.6717669
  0.14429668  3.0309901 ]"
1745327404.15218,"[0.4886511497288089, 1.0201463905231483, 0.31234696515072036, 0.4752395445450235, 1.022416753371545, 0.3831970035112837, -0.6112082905938641, -0.000506424307823182, -0.000506424307823182]","[0.04301446949886966, 0.49589897000045075, -0.17803005636535976, 0.1552334275781121, 0.053837140134087545, -0.32645920829166447, -0.02494613071483134, 0.02894221400290613, 0.02894221400290613]","[0.40320458400132364, 0.35376539516236327, 0.26849651691458704]","[0.65, 0.2, 0.5, 1.0, 0.0, 0.0, 0.0]","[ 0.9680483   2.6468503   0.7310341   0.8563698   1.4415874  -0.6869296
  0.21784124  2.8867075 ]"
1745327404.1621356,"[0.4886511497288089, 1.0201463905231483, 0.31234696515072036, 0.4752395445450235, 1.022416753371545, 0.3831970035112837, -0.6112082905938641, -0.000506424307823182, -0.000506424307823182]","[0.04301446949886966, 0.49589897000045075, -0.17803005636535976, 0.1552334275781121, 0.053837140134087545, -0.32645920829166447, -0.02494613071483134, 0.02894221400290613, 0.02894221400290613]","[0.40320458400132364, 0.35376539516236327, 0.26849651691458704]","[0.65, 0.2, 0.5, 1.0, 0.0, 0.0, 0.0]","[ 0.9436975   2.6491969   0.73927534  0.8387811   1.349077   -0.6871228
  0.24890944  2.7783353 ]"
1745327404.1721747,"[0.4894207060196219, 1.0365408063604118, 0.3082099549819276, 0.4793234763292369, 1.0231952719888664, 0.37107612363105025, -0.6117166410242718, -0.000506424307823182, -0.000506424307823182]","[0.008684042266963241, 0.48924692780739604, -0.08309477806804443, 0.09863579719764555, 0.004858383641838559, -0.383973934673882, -0.008258857452192694, 0.0, 0.0]","[0.40320458400132364, 0.35376539516236327, 0.26849651691458704]","[0.65, 0.2, 0.5, 1.0, 0.0, 0.0, 0.0]","[ 0.92348     2.647323    0.7428191   0.8262861   1.2994504  -0.6838945
  0.27038637  2.7007194 ]"
1745327404.1821601,"[0.4894207060196219, 1.0365408063604118, 0.3082099549819276, 0.4793234763292369, 1.0231952719888664, 0.37107612363105025, -0.6117166410242718, -0.000506424307823182, -0.000506424307823182]","[0.008684042266963241, 0.48924692780739604, -0.08309477806804443, 0.09863579719764555, 0.004858383641838559, -0.383973934673882, -0.008258857452192694, 0.0, 0.0]","[0.40320458400132364, 0.35376539516236327, 0.26849651691458704]","[0.65, 0.2, 0.5, 1.0, 0.0, 0.0, 0.0]","[ 0.80773324  2.5827773   0.7121732   0.7775534   1.1534799  -0.7649927
  0.37640843  2.5387976 ]"
1745327404.1921406,"[0.4894207060196219, 1.0365408063604118, 0.3082099549819276, 0.4793234763292369, 1.0231952719888664, 0.37107612363105025, -0.6117166410242718, -0.000506424307823182, -0.000506424307823182]","[0.008684042266963241, 0.48924692780739604, -0.08309477806804443, 0.09863579719764555, 0.004858383641838559, -0.383973934673882, -0.008258857452192694, 0.0, 0.0]","[0.40320458400132364, 0.35376539516236327, 0.26849651691458704]","[0.65, 0.2, 0.5, 1.0, 0.0, 0.0, 0.0]","[ 0.7904169   2.586473    0.7504479   0.7487926   1.0368721  -0.7655076
  0.41879928  2.3736563 ]"
1745327404.2021112,"[0.4894207060196219, 1.0365408063604118, 0.3082099549819276, 0.4793234763292369, 1.0231952719888664, 0.37107612363105025, -0.6117166410242718, -0.000506424307823182, -0.000506424307823182]","[0.008684042266963241, 0.48924692780739604, -0.08309477806804443, 0.09863579719764555, 0.004858383641838559, -0.383973934673882, -0.008258857452192694, 0.0, 0.0]","[0.40320458400132364, 0.35376539516236327, 0.26849651691458704]","[0.65, 0.2, 0.5, 1.0, 0.0, 0.0, 0.0]","[ 0.7569067   2.5813093   0.75729436  0.7347982   0.9721917  -0.76200473
  0.44565707  2.2313256 ]"
1745327404.2120783,"[0.489207735833497, 1.0532746957485284, 0.30722918715248176, 0.48177586469517664, 1.0231981030871826, 0.35912151071910037, -0.6118259899459026, -0.000506424307823182, -0.000506424307823182]","[-0.01751261775056113, 0.4940091215387453, 0.0040247893500527645, 0.049921943557871634, -0.0013793611830610663, -0.3618789171474004, 0.00038429851899073, 0.0, 0.0]","[0.40320458400132364, 0.35376539516236327, 0.26849651691458704]","[0.65, 0.2, 0.5, 1.0, 0.0, 0.0, 0.0]","[ 0.73536474  2.5784893   0.7656181   0.7253355   0.91724765 -0.77002
  0.46238852  2.1254134 ]"
1745327404.222215,"[0.489207735833497, 1.0532746957485284, 0.30722918715248176, 0.48177586469517664, 1.0231981030871826, 0.35912151071910037, -0.6118259899459026, -0.000506424307823182, -0.000506424307823182]","[-0.01751261775056113, 0.4940091215387453, 0.0040247893500527645, 0.049921943557871634, -0.0013793611830610663, -0.3618789171474004, 0.00038429851899073, 0.0, 0.0]","[0.40320458400132364, 0.35376539516236327, 0.26849651691458704]","[0.65, 0.2, 0.5, 1.0, 0.0, 0.0, 0.0]","[ 0.6498682   2.5249536   0.80078596  0.6852305   0.81216574 -0.7757015
  0.5363099   1.8616376 ]"
1745327404.2320611,"[0.489207735833497, 1.0532746957485284, 0.30722918715248176, 0.48177586469517664, 1.0231981030871826, 0.35912151071910037, -0.6118259899459026, -0.000506424307823182, -0.000506424307823182]","[-0.01751261775056113, 0.4940091215387453, 0.0040247893500527645, 0.049921943557871634, -0.0013793611830610663, -0.3618789171474004, 0.00038429851899073, 0.0, 0.0]","[0.40320458400132364, 0.35376539516236327, 0.26849651691458704]","[0.65, 0.2, 0.5, 1.0, 0.0, 0.0, 0.0]","[ 0.589184    2.508597    0.82248765  0.6662859   0.6710427  -0.7989603
  0.5739269   1.5844024 ]"
1745327404.2421372,"[0.48772383653168133, 1.0695981402694785, 0.3089524309223394, 0.48260334706269914, 1.0231471896687612, 0.34662764493910503, -0.611830790055321, -0.000506424307823182, -0.000506424307823182]","[-0.0713623106785314, 0.4880459742110245, 0.09015872595894325, 0.009335393350721487, -0.006181865224497464, -0.3660283263220354, -0.0013796811956792593, 0.0, 0.0]","[0.40320458400132364, 0.35376539516236327, 0.26849651691458704]","[0.65, 0.2, 0.5, 1.0, 0.0, 0.0, 0.0]","[ 0.54452574  2.486729    0.85716844  0.6510903   0.5701586  -0.8209115
  0.6025757   1.2952348 ]"
1745327404.252127,"[0.48772383653168133, 1.0695981402694785, 0.3089524309223394, 0.48260334706269914, 1.0231471896687612, 0.34662764493910503, -0.611830790055321, -0.000506424307823182, -0.000506424307823182]","[-0.0713623106785314, 0.4880459742110245, 0.09015872595894325, 0.009335393350721487, -0.006181865224497464, -0.3660283263220354, -0.0013796811956792593, 0.0, 0.0]","[0.40320458400132364, 0.35376539516236327, 0.26849651691458704]","[0.65, 0.2, 0.5, 1.0, 0.0, 0.0, 0.0]","[ 0.41148108  2.3903768   0.91963816  0.6101807   0.3945342  -0.84095776
  0.6632588   0.74036074]"
1745327405.773822,"[0.45069313631257607, 1.1305710632857555, 0.3520991066566445, 0.46271645475132317, 1.014600764928711, 0.2782192582300862, -0.6119093102219615, -0.039732080003013835, -0.039732080003013835]","[-0.33806162561399833, 0.18844277780003435, 0.3640533404889224, -0.2327824998086481, -0.14799316807509816, -0.17440781124690302, -0.09786059612153725, 0.0, 0.0]","[0.41581116888598, 0.32095433701466214, 0.03032871646617881]","[0.65, 0.2, 0.5, 1.0, 0.0, 0.0, 0.0]","[ 0.22691457  2.26779     0.9567942   0.604179    0.08752128 -0.89154065
  0.7030324  -0.08340877]"
1745327405.7821665,"[0.45069313631257607, 1.1305710632857555, 0.3520991066566445, 0.46271645475132317, 1.014600764928711, 0.2782192582300862, -0.6119093102219615, -0.039732080003013835, -0.039732080003013835]","[-0.33806162561399833, 0.18844277780003435, 0.3640533404889224, -0.2327824998086481, -0.14799316807509816, -0.17440781124690302, -0.09786059612153725, 0.0, 0.0]","[0.41581116888598, 0.32095433701466214, 0.03032871646617881]","[0.65, 0.2, 0.5, 1.0, 0.0, 0.0, 0.0]","[ 0.60500914  2.2720702   0.60822326  0.66699624  0.514773    0.65807164
 -0.01636187  1.2978579 ]"
1745327405.7923067,"[0.45069313631257607, 1.1305710632857555, 0.3520991066566445, 0.46271645475132317, 1.014600764928711, 0.2782192582300862, -0.6119093102219615, -0.039732080003013835, -0.039732080003013835]","[-0.33806162561399833, 0.18844277780003435, 0.3640533404889224, -0.2327824998086481, -0.14799316807509816, -0.17440781124690302, -0.09786059612153725, 0.0, 0.0]","[0.41581116888598, 0.32095433701466214, 0.03032871646617881]","[0.65, 0.2, 0.5, 1.0, 0.0, 0.0, 0.0]","[ 0.00823401  1.9735255   0.17956595  0.64767885  0.31195536  0.48032692
 -0.10995487  1.945868  ]"
1745327405.8021843,"[0.45069313631257607, 1.1305710632857555, 0.3520991066566445, 0.46271645475132317, 1.014600764928711, 0.2782192582300862, -0.6119093102219615, -0.039732080003013835, -0.039732080003013835]","[-0.33806162561399833, 0.18844277780003435, 0.3640533404889224, -0.2327824998086481, -0.14799316807509816, -0.17440781124690302, -0.09786059612153725, 0.0, 0.0]","[0.41581116888598, 0.32095433701466214, 0.03032871646617881]","[0.65, 0.2, 0.5, 1.0, 0.0, 0.0, 0.0]","[-0.04331438  1.9702454   0.21183501  0.58821094  0.13107756  0.40315494
 -0.05675582  2.1178527 ]"
